Shunt_1;1.000000
Shunt_10;0.000000
Shunt_100;1.000000
Shunt_1001;1.000000
Shunt_1002;1.000000
Shunt_1003;1.000000
Shunt_1004;1.000000
Shunt_1005;1.000000
Shunt_1006;1.000000
Shunt_1007;0.000000
Shunt_1008;1.000000
Shunt_1009;1.000000
Shunt_1010;1.000000
Shunt_1012;1.000000
Shunt_1013;1.000000
Shunt_1014;1.000000
Shunt_1017;1.000000
Shunt_1018;0.000000
Shunt_1019;1.000000
Shunt_1020;1.000000
Shunt_1021;1.000000
Shunt_1022;0.000000
Shunt_1024;1.000000
Shunt_1025;1.000000
Shunt_1027;1.000000
Shunt_1028;1.000000
Shunt_103;1.000000
Shunt_1030;1.000000
Shunt_1031;1.000000
Shunt_1032;1.000000
Shunt_1033;0.000000
Shunt_1034;1.000000
Shunt_1036;1.000000
Shunt_1037;1.000000
Shunt_1038;1.000000
Shunt_1039;1.000000
Shunt_1040;1.000000
Shunt_1041;1.000000
Shunt_1042;0.000000
Shunt_1044;1.000000
Shunt_1045;0.000000
Shunt_1046;1.000000
Shunt_1047;1.000000
Shunt_1048;1.000000
Shunt_105;1.000000
Shunt_1050;1.000000
Shunt_1052;1.000000
Shunt_1053;1.000000
Shunt_1054;1.000000
Shunt_1056;1.000000
Shunt_1057;0.000000
Shunt_1058;1.000000
Shunt_1059;1.000000
Shunt_1061;1.000000
Shunt_1062;1.000000
Shunt_1065;1.000000
Shunt_1066;1.000000
Shunt_1067;0.000000
Shunt_1068;1.000000
Shunt_107;0.000000
Shunt_1071;1.000000
Shunt_1072;1.000000
Shunt_1073;1.000000
Shunt_1074;1.000000
Shunt_1075;1.000000
Shunt_1076;1.000000
Shunt_1077;1.000000
Shunt_1078;0.000000
Shunt_1079;1.000000
Shunt_108;0.000000
Shunt_1080;1.000000
Shunt_1081;1.000000
Shunt_1082;0.000000
Shunt_1083;0.000000
Shunt_1084;1.000000
Shunt_1085;1.000000
Shunt_1087;1.000000
Shunt_1088;1.000000
Shunt_109;1.000000
Shunt_1090;1.000000
Shunt_1091;1.000000
Shunt_1093;1.000000
Shunt_1094;1.000000
Shunt_1095;0.000000
Shunt_1098;0.000000
Shunt_1099;1.000000
Shunt_11;1.000000
Shunt_110;0.000000
Shunt_1100;1.000000
Shunt_1101;1.000000
Shunt_1102;1.000000
Shunt_1103;1.000000
Shunt_1104;1.000000
Shunt_1105;1.000000
Shunt_1106;1.000000
Shunt_1107;1.000000
Shunt_1108;1.000000
Shunt_1109;0.000000
Shunt_1110;1.000000
Shunt_1111;1.000000
Shunt_1112;1.000000
Shunt_1113;0.000000
Shunt_1114;1.000000
Shunt_1116;0.000000
Shunt_1118;1.000000
Shunt_1119;1.000000
Shunt_112;1.000000
Shunt_1120;0.000000
Shunt_1122;1.000000
Shunt_1123;1.000000
Shunt_1124;1.000000
Shunt_1125;1.000000
Shunt_1126;1.000000
Shunt_1127;1.000000
Shunt_1128;1.000000
Shunt_1129;1.000000
Shunt_1130;0.000000
Shunt_1132;1.000000
Shunt_1133;1.000000
Shunt_1134;0.000000
Shunt_1136;1.000000
Shunt_1137;0.000000
Shunt_1138;1.000000
Shunt_1139;1.000000
Shunt_1141;1.000000
Shunt_1142;1.000000
Shunt_1143;1.000000
Shunt_1144;1.000000
Shunt_1145;1.000000
Shunt_1146;0.000000
Shunt_1147;1.000000
Shunt_1148;1.000000
Shunt_1149;1.000000
Shunt_115;1.000000
Shunt_1150;1.000000
Shunt_1151;0.000000
Shunt_1152;0.000000
Shunt_1153;1.000000
Shunt_1155;0.000000
Shunt_1156;1.000000
Shunt_1157;0.000000
Shunt_1158;1.000000
Shunt_1159;1.000000
Shunt_116;1.000000
Shunt_1160;1.000000
Shunt_1161;1.000000
Shunt_1162;1.000000
Shunt_1163;1.000000
Shunt_1164;1.000000
Shunt_1165;0.000000
Shunt_1166;1.000000
Shunt_1167;1.000000
Shunt_1169;1.000000
Shunt_117;1.000000
Shunt_1170;1.000000
Shunt_1171;1.000000
Shunt_1173;1.000000
Shunt_1174;1.000000
Shunt_1175;1.000000
Shunt_1176;1.000000
Shunt_1178;1.000000
Shunt_1179;1.000000
Shunt_1180;1.000000
Shunt_1182;0.000000
Shunt_1183;1.000000
Shunt_1184;1.000000
Shunt_1185;1.000000
Shunt_1186;1.000000
Shunt_1187;1.000000
Shunt_1188;1.000000
Shunt_1189;1.000000
Shunt_119;1.000000
Shunt_1190;1.000000
Shunt_1193;1.000000
Shunt_1194;1.000000
Shunt_1195;1.000000
Shunt_1197;0.000000
Shunt_1198;1.000000
Shunt_1199;1.000000
Shunt_12;1.000000
Shunt_120;1.000000
Shunt_1200;1.000000
Shunt_1201;0.000000
Shunt_1204;0.000000
Shunt_1205;1.000000
Shunt_1206;0.000000
Shunt_1207;1.000000
Shunt_1208;1.000000
Shunt_1209;1.000000
Shunt_121;1.000000
Shunt_1210;1.000000
Shunt_1211;1.000000
Shunt_1212;1.000000
Shunt_1213;1.000000
Shunt_1214;1.000000
Shunt_1215;0.000000
Shunt_1216;1.000000
Shunt_1217;1.000000
Shunt_1218;1.000000
Shunt_122;0.000000
Shunt_1220;1.000000
Shunt_1221;1.000000
Shunt_1222;1.000000
Shunt_1224;1.000000
Shunt_1225;0.000000
Shunt_1226;1.000000
Shunt_1227;1.000000
Shunt_1229;1.000000
Shunt_123;0.000000
Shunt_1230;1.000000
Shunt_1231;1.000000
Shunt_1232;1.000000
Shunt_1233;0.000000
Shunt_1236;1.000000
Shunt_1237;1.000000
Shunt_1238;1.000000
Shunt_1239;1.000000
Shunt_124;0.000000
Shunt_1241;1.000000
Shunt_1242;1.000000
Shunt_1243;1.000000
Shunt_1244;1.000000
Shunt_1245;0.000000
Shunt_1246;1.000000
Shunt_1247;0.000000
Shunt_1248;1.000000
Shunt_1249;1.000000
Shunt_125;0.000000
Shunt_1250;1.000000
Shunt_1251;1.000000
Shunt_1253;1.000000
Shunt_1255;1.000000
Shunt_1258;1.000000
Shunt_1259;1.000000
Shunt_126;1.000000
Shunt_1260;1.000000
Shunt_1261;1.000000
Shunt_1263;1.000000
Shunt_1264;1.000000
Shunt_1265;1.000000
Shunt_1266;1.000000
Shunt_1267;0.000000
Shunt_1268;1.000000
Shunt_1269;0.000000
Shunt_127;1.000000
Shunt_1270;1.000000
Shunt_1271;1.000000
Shunt_1273;1.000000
Shunt_1275;1.000000
Shunt_1276;1.000000
Shunt_1278;1.000000
Shunt_1279;0.000000
Shunt_128;0.000000
Shunt_1280;1.000000
Shunt_1281;1.000000
Shunt_1282;1.000000
Shunt_1283;1.000000
Shunt_1284;1.000000
Shunt_1285;1.000000
Shunt_1286;1.000000
Shunt_1287;1.000000
Shunt_1289;1.000000
Shunt_129;1.000000
Shunt_1290;1.000000
Shunt_1291;1.000000
Shunt_1292;1.000000
Shunt_1293;0.000000
Shunt_1294;1.000000
Shunt_1295;1.000000
Shunt_1296;1.000000
Shunt_1298;1.000000
Shunt_1299;1.000000
Shunt_13;1.000000
Shunt_130;0.000000
Shunt_1300;1.000000
Shunt_1301;1.000000
Shunt_1302;1.000000
Shunt_1305;0.000000
Shunt_1307;1.000000
Shunt_1308;1.000000
Shunt_1309;1.000000
Shunt_131;1.000000
Shunt_1311;0.000000
Shunt_1312;1.000000
Shunt_1313;1.000000
Shunt_1314;1.000000
Shunt_1315;1.000000
Shunt_1316;1.000000
Shunt_1317;1.000000
Shunt_1318;1.000000
Shunt_1319;1.000000
Shunt_132;1.000000
Shunt_1320;1.000000
Shunt_1321;1.000000
Shunt_1322;1.000000
Shunt_1323;1.000000
Shunt_1324;1.000000
Shunt_1326;0.000000
Shunt_1329;1.000000
Shunt_1330;0.000000
Shunt_1331;1.000000
Shunt_1332;1.000000
Shunt_1333;1.000000
Shunt_1334;0.000000
Shunt_1338;1.000000
Shunt_1339;1.000000
Shunt_134;1.000000
Shunt_1340;1.000000
Shunt_1341;1.000000
Shunt_1343;0.000000
Shunt_1345;1.000000
Shunt_1346;1.000000
Shunt_1347;1.000000
Shunt_1348;1.000000
Shunt_1349;1.000000
Shunt_1350;1.000000
Shunt_1351;1.000000
Shunt_1352;1.000000
Shunt_1353;1.000000
Shunt_1354;1.000000
Shunt_137;0.000000
Shunt_138;1.000000
Shunt_139;1.000000
Shunt_14;1.000000
Shunt_140;1.000000
Shunt_141;1.000000
Shunt_142;1.000000
Shunt_143;1.000000
Shunt_144;0.000000
Shunt_146;0.000000
Shunt_147;1.000000
Shunt_148;0.000000
Shunt_149;0.000000
Shunt_15;0.000000
Shunt_151;1.000000
Shunt_153;0.000000
Shunt_155;1.000000
Shunt_157;1.000000
Shunt_158;1.000000
Shunt_159;1.000000
Shunt_16;1.000000
Shunt_160;1.000000
Shunt_161;1.000000
Shunt_162;1.000000
Shunt_163;0.000000
Shunt_164;1.000000
Shunt_165;1.000000
Shunt_166;1.000000
Shunt_167;1.000000
Shunt_168;1.000000
Shunt_169;1.000000
Shunt_170;1.000000
Shunt_171;1.000000
Shunt_172;1.000000
Shunt_173;1.000000
Shunt_174;0.000000
Shunt_175;1.000000
Shunt_176;1.000000
Shunt_177;1.000000
Shunt_179;1.000000
Shunt_18;1.000000
Shunt_180;1.000000
Shunt_182;1.000000
Shunt_183;0.000000
Shunt_184;1.000000
Shunt_186;1.000000
Shunt_187;1.000000
Shunt_188;1.000000
Shunt_189;1.000000
Shunt_19;0.000000
Shunt_190;1.000000
Shunt_192;1.000000
Shunt_194;0.000000
Shunt_195;1.000000
Shunt_196;1.000000
Shunt_197;1.000000
Shunt_198;0.000000
Shunt_199;1.000000
Shunt_2;1.000000
Shunt_20;1.000000
Shunt_200;1.000000
Shunt_201;1.000000
Shunt_202;1.000000
Shunt_204;0.000000
Shunt_206;0.000000
Shunt_207;0.000000
Shunt_208;1.000000
Shunt_209;1.000000
Shunt_211;1.000000
Shunt_212;1.000000
Shunt_213;1.000000
Shunt_214;1.000000
Shunt_215;1.000000
Shunt_216;1.000000
Shunt_217;1.000000
Shunt_218;0.000000
Shunt_22;1.000000
Shunt_220;1.000000
Shunt_221;1.000000
Shunt_222;1.000000
Shunt_223;1.000000
Shunt_224;1.000000
Shunt_225;0.000000
Shunt_226;1.000000
Shunt_227;1.000000
Shunt_228;1.000000
Shunt_229;1.000000
Shunt_23;1.000000
Shunt_230;1.000000
Shunt_231;1.000000
Shunt_232;1.000000
Shunt_234;1.000000
Shunt_235;1.000000
Shunt_236;0.000000
Shunt_237;1.000000
Shunt_238;1.000000
Shunt_24;0.000000
Shunt_240;1.000000
Shunt_241;1.000000
Shunt_242;0.000000
Shunt_243;0.000000
Shunt_245;1.000000
Shunt_246;1.000000
Shunt_248;1.000000
Shunt_249;1.000000
Shunt_25;1.000000
Shunt_251;0.000000
Shunt_252;1.000000
Shunt_253;0.000000
Shunt_254;1.000000
Shunt_256;1.000000
Shunt_257;1.000000
Shunt_258;1.000000
Shunt_259;1.000000
Shunt_26;1.000000
Shunt_260;1.000000
Shunt_262;1.000000
Shunt_263;0.000000
Shunt_265;1.000000
Shunt_266;1.000000
Shunt_267;1.000000
Shunt_268;1.000000
Shunt_269;0.000000
Shunt_27;1.000000
Shunt_272;1.000000
Shunt_273;0.000000
Shunt_274;1.000000
Shunt_275;1.000000
Shunt_276;1.000000
Shunt_277;1.000000
Shunt_279;1.000000
Shunt_28;1.000000
Shunt_280;0.000000
Shunt_281;0.000000
Shunt_283;0.000000
Shunt_284;1.000000
Shunt_285;1.000000
Shunt_287;1.000000
Shunt_288;1.000000
Shunt_289;1.000000
Shunt_29;1.000000
Shunt_290;1.000000
Shunt_291;1.000000
Shunt_292;1.000000
Shunt_293;1.000000
Shunt_294;0.000000
Shunt_295;1.000000
Shunt_297;1.000000
Shunt_298;1.000000
Shunt_299;1.000000
Shunt_3;1.000000
Shunt_30;1.000000
Shunt_301;1.000000
Shunt_302;1.000000
Shunt_303;1.000000
Shunt_304;1.000000
Shunt_305;1.000000
Shunt_306;1.000000
Shunt_308;0.000000
Shunt_309;1.000000
Shunt_31;1.000000
Shunt_310;1.000000
Shunt_311;1.000000
Shunt_312;1.000000
Shunt_313;1.000000
Shunt_314;1.000000
Shunt_315;0.000000
Shunt_316;1.000000
Shunt_317;1.000000
Shunt_318;0.000000
Shunt_319;1.000000
Shunt_32;1.000000
Shunt_321;1.000000
Shunt_322;0.000000
Shunt_324;1.000000
Shunt_325;0.000000
Shunt_326;1.000000
Shunt_327;0.000000
Shunt_328;1.000000
Shunt_329;0.000000
Shunt_33;0.000000
Shunt_330;1.000000
Shunt_332;1.000000
Shunt_333;1.000000
Shunt_335;1.000000
Shunt_336;1.000000
Shunt_337;1.000000
Shunt_338;0.000000
Shunt_339;1.000000
Shunt_340;1.000000
Shunt_341;1.000000
Shunt_342;0.000000
Shunt_343;1.000000
Shunt_344;1.000000
Shunt_346;1.000000
Shunt_347;1.000000
Shunt_348;0.000000
Shunt_349;1.000000
Shunt_35;0.000000
Shunt_350;1.000000
Shunt_351;1.000000
Shunt_352;1.000000
Shunt_354;1.000000
Shunt_357;1.000000
Shunt_358;1.000000
Shunt_359;0.000000
Shunt_36;1.000000
Shunt_361;1.000000
Shunt_362;1.000000
Shunt_363;1.000000
Shunt_365;0.000000
Shunt_366;1.000000
Shunt_369;1.000000
Shunt_37;1.000000
Shunt_370;1.000000
Shunt_371;1.000000
Shunt_372;1.000000
Shunt_373;1.000000
Shunt_374;1.000000
Shunt_376;1.000000
Shunt_377;1.000000
Shunt_378;1.000000
Shunt_379;1.000000
Shunt_38;1.000000
Shunt_380;0.000000
Shunt_381;1.000000
Shunt_384;1.000000
Shunt_385;1.000000
Shunt_386;1.000000
Shunt_388;1.000000
Shunt_389;1.000000
Shunt_39;1.000000
Shunt_390;1.000000
Shunt_391;1.000000
Shunt_392;1.000000
Shunt_393;1.000000
Shunt_395;1.000000
Shunt_396;1.000000
Shunt_397;1.000000
Shunt_398;0.000000
Shunt_399;0.000000
Shunt_4;1.000000
Shunt_40;1.000000
Shunt_400;1.000000
Shunt_401;0.000000
Shunt_403;1.000000
Shunt_404;1.000000
Shunt_407;1.000000
Shunt_408;1.000000
Shunt_409;1.000000
Shunt_41;1.000000
Shunt_413;1.000000
Shunt_414;1.000000
Shunt_415;1.000000
Shunt_416;0.000000
Shunt_417;1.000000
Shunt_418;1.000000
Shunt_42;1.000000
Shunt_420;1.000000
Shunt_423;1.000000
Shunt_424;0.000000
Shunt_425;1.000000
Shunt_427;1.000000
Shunt_428;1.000000
Shunt_429;1.000000
Shunt_430;1.000000
Shunt_431;1.000000
Shunt_433;1.000000
Shunt_435;1.000000
Shunt_436;1.000000
Shunt_437;1.000000
Shunt_438;1.000000
Shunt_439;0.000000
Shunt_44;1.000000
Shunt_440;1.000000
Shunt_441;1.000000
Shunt_442;1.000000
Shunt_443;0.000000
Shunt_445;1.000000
Shunt_446;1.000000
Shunt_448;1.000000
Shunt_449;1.000000
Shunt_45;1.000000
Shunt_450;1.000000
Shunt_452;1.000000
Shunt_453;1.000000
Shunt_454;0.000000
Shunt_456;1.000000
Shunt_457;1.000000
Shunt_458;0.000000
Shunt_459;1.000000
Shunt_460;1.000000
Shunt_461;1.000000
Shunt_462;1.000000
Shunt_463;1.000000
Shunt_466;1.000000
Shunt_467;1.000000
Shunt_47;0.000000
Shunt_470;1.000000
Shunt_471;1.000000
Shunt_472;1.000000
Shunt_474;1.000000
Shunt_475;1.000000
Shunt_476;1.000000
Shunt_477;1.000000
Shunt_478;1.000000
Shunt_48;1.000000
Shunt_481;1.000000
Shunt_482;1.000000
Shunt_483;1.000000
Shunt_485;1.000000
Shunt_486;1.000000
Shunt_487;0.000000
Shunt_488;1.000000
Shunt_489;0.000000
Shunt_49;1.000000
Shunt_490;0.000000
Shunt_491;1.000000
Shunt_494;1.000000
Shunt_495;1.000000
Shunt_496;1.000000
Shunt_497;1.000000
Shunt_5;1.000000
Shunt_50;1.000000
Shunt_501;1.000000
Shunt_503;0.000000
Shunt_504;1.000000
Shunt_505;1.000000
Shunt_508;1.000000
Shunt_509;1.000000
Shunt_511;1.000000
Shunt_512;0.000000
Shunt_513;1.000000
Shunt_514;1.000000
Shunt_515;1.000000
Shunt_516;0.000000
Shunt_517;1.000000
Shunt_519;1.000000
Shunt_52;1.000000
Shunt_520;1.000000
Shunt_521;1.000000
Shunt_522;1.000000
Shunt_523;1.000000
Shunt_525;1.000000
Shunt_526;1.000000
Shunt_527;0.000000
Shunt_528;1.000000
Shunt_529;1.000000
Shunt_53;1.000000
Shunt_530;1.000000
Shunt_531;0.000000
Shunt_532;1.000000
Shunt_533;0.000000
Shunt_535;1.000000
Shunt_536;0.000000
Shunt_538;1.000000
Shunt_539;1.000000
Shunt_54;1.000000
Shunt_540;1.000000
Shunt_541;1.000000
Shunt_542;1.000000
Shunt_543;0.000000
Shunt_544;1.000000
Shunt_546;1.000000
Shunt_547;1.000000
Shunt_548;1.000000
Shunt_549;0.000000
Shunt_55;1.000000
Shunt_550;1.000000
Shunt_552;0.000000
Shunt_554;1.000000
Shunt_555;1.000000
Shunt_556;1.000000
Shunt_557;1.000000
Shunt_558;1.000000
Shunt_56;1.000000
Shunt_560;0.000000
Shunt_561;1.000000
Shunt_562;1.000000
Shunt_563;1.000000
Shunt_564;1.000000
Shunt_566;0.000000
Shunt_567;1.000000
Shunt_568;0.000000
Shunt_569;0.000000
Shunt_570;1.000000
Shunt_571;1.000000
Shunt_572;1.000000
Shunt_573;1.000000
Shunt_575;0.000000
Shunt_576;0.000000
Shunt_577;1.000000
Shunt_579;1.000000
Shunt_58;1.000000
Shunt_580;1.000000
Shunt_581;0.000000
Shunt_582;1.000000
Shunt_583;0.000000
Shunt_584;0.000000
Shunt_587;0.000000
Shunt_588;1.000000
Shunt_589;0.000000
Shunt_59;1.000000
Shunt_590;1.000000
Shunt_591;1.000000
Shunt_593;1.000000
Shunt_594;1.000000
Shunt_595;1.000000
Shunt_596;1.000000
Shunt_597;1.000000
Shunt_599;0.000000
Shunt_6;1.000000
Shunt_60;1.000000
Shunt_600;1.000000
Shunt_601;1.000000
Shunt_603;1.000000
Shunt_604;1.000000
Shunt_605;1.000000
Shunt_606;1.000000
Shunt_607;1.000000
Shunt_608;1.000000
Shunt_61;1.000000
Shunt_611;1.000000
Shunt_612;0.000000
Shunt_613;1.000000
Shunt_614;1.000000
Shunt_615;1.000000
Shunt_616;1.000000
Shunt_618;0.000000
Shunt_62;1.000000
Shunt_620;0.000000
Shunt_621;1.000000
Shunt_622;1.000000
Shunt_623;1.000000
Shunt_626;1.000000
Shunt_628;1.000000
Shunt_629;1.000000
Shunt_63;1.000000
Shunt_630;1.000000
Shunt_631;1.000000
Shunt_632;0.000000
Shunt_633;1.000000
Shunt_634;1.000000
Shunt_635;1.000000
Shunt_636;1.000000
Shunt_637;0.000000
Shunt_638;1.000000
Shunt_639;1.000000
Shunt_641;1.000000
Shunt_642;1.000000
Shunt_643;1.000000
Shunt_644;1.000000
Shunt_645;1.000000
Shunt_646;1.000000
Shunt_647;1.000000
Shunt_648;1.000000
Shunt_649;1.000000
Shunt_65;1.000000
Shunt_650;1.000000
Shunt_651;1.000000
Shunt_652;1.000000
Shunt_655;1.000000
Shunt_656;1.000000
Shunt_657;1.000000
Shunt_658;1.000000
Shunt_659;1.000000
Shunt_66;0.000000
Shunt_661;0.000000
Shunt_662;1.000000
Shunt_663;1.000000
Shunt_665;1.000000
Shunt_666;0.000000
Shunt_667;1.000000
Shunt_668;1.000000
Shunt_67;1.000000
Shunt_671;1.000000
Shunt_672;1.000000
Shunt_673;1.000000
Shunt_674;0.000000
Shunt_675;1.000000
Shunt_677;1.000000
Shunt_678;1.000000
Shunt_679;1.000000
Shunt_68;1.000000
Shunt_680;0.000000
Shunt_681;1.000000
Shunt_682;0.000000
Shunt_683;1.000000
Shunt_684;1.000000
Shunt_685;1.000000
Shunt_686;1.000000
Shunt_687;1.000000
Shunt_689;1.000000
Shunt_69;1.000000
Shunt_690;1.000000
Shunt_691;1.000000
Shunt_692;1.000000
Shunt_693;1.000000
Shunt_695;0.000000
Shunt_697;1.000000
Shunt_698;1.000000
Shunt_699;1.000000
Shunt_7;1.000000
Shunt_700;1.000000
Shunt_701;1.000000
Shunt_703;1.000000
Shunt_704;1.000000
Shunt_705;1.000000
Shunt_706;1.000000
Shunt_707;1.000000
Shunt_708;1.000000
Shunt_709;0.000000
Shunt_71;1.000000
Shunt_710;1.000000
Shunt_711;1.000000
Shunt_712;1.000000
Shunt_714;1.000000
Shunt_718;1.000000
Shunt_719;1.000000
Shunt_720;1.000000
Shunt_722;1.000000
Shunt_723;0.000000
Shunt_724;1.000000
Shunt_725;0.000000
Shunt_727;1.000000
Shunt_728;1.000000
Shunt_729;1.000000
Shunt_73;1.000000
Shunt_730;1.000000
Shunt_731;1.000000
Shunt_733;1.000000
Shunt_734;1.000000
Shunt_735;1.000000
Shunt_736;1.000000
Shunt_737;1.000000
Shunt_738;1.000000
Shunt_74;1.000000
Shunt_740;1.000000
Shunt_741;1.000000
Shunt_742;0.000000
Shunt_743;1.000000
Shunt_745;1.000000
Shunt_746;1.000000
Shunt_748;1.000000
Shunt_75;1.000000
Shunt_751;1.000000
Shunt_752;1.000000
Shunt_753;1.000000
Shunt_754;0.000000
Shunt_755;1.000000
Shunt_758;0.000000
Shunt_759;1.000000
Shunt_76;0.000000
Shunt_761;1.000000
Shunt_762;0.000000
Shunt_763;1.000000
Shunt_764;0.000000
Shunt_765;1.000000
Shunt_766;1.000000
Shunt_767;1.000000
Shunt_768;1.000000
Shunt_77;1.000000
Shunt_770;1.000000
Shunt_771;1.000000
Shunt_772;0.000000
Shunt_773;1.000000
Shunt_775;1.000000
Shunt_776;1.000000
Shunt_777;1.000000
Shunt_778;1.000000
Shunt_779;1.000000
Shunt_780;1.000000
Shunt_781;1.000000
Shunt_783;1.000000
Shunt_784;1.000000
Shunt_785;1.000000
Shunt_786;1.000000
Shunt_787;1.000000
Shunt_790;1.000000
Shunt_791;1.000000
Shunt_792;1.000000
Shunt_794;1.000000
Shunt_795;0.000000
Shunt_796;1.000000
Shunt_797;0.000000
Shunt_798;1.000000
Shunt_799;1.000000
Shunt_8;1.000000
Shunt_80;1.000000
Shunt_800;1.000000
Shunt_801;1.000000
Shunt_802;1.000000
Shunt_803;0.000000
Shunt_804;1.000000
Shunt_805;1.000000
Shunt_807;0.000000
Shunt_808;0.000000
Shunt_814;1.000000
Shunt_815;1.000000
Shunt_816;0.000000
Shunt_817;1.000000
Shunt_818;1.000000
Shunt_82;1.000000
Shunt_821;1.000000
Shunt_823;1.000000
Shunt_824;1.000000
Shunt_825;1.000000
Shunt_826;1.000000
Shunt_828;1.000000
Shunt_829;1.000000
Shunt_83;1.000000
Shunt_830;1.000000
Shunt_831;1.000000
Shunt_832;1.000000
Shunt_833;1.000000
Shunt_834;1.000000
Shunt_835;1.000000
Shunt_838;1.000000
Shunt_839;1.000000
Shunt_84;1.000000
Shunt_840;1.000000
Shunt_841;1.000000
Shunt_842;1.000000
Shunt_843;1.000000
Shunt_845;1.000000
Shunt_846;1.000000
Shunt_847;1.000000
Shunt_848;1.000000
Shunt_849;1.000000
Shunt_85;1.000000
Shunt_850;0.000000
Shunt_851;1.000000
Shunt_852;1.000000
Shunt_854;1.000000
Shunt_855;1.000000
Shunt_856;1.000000
Shunt_858;1.000000
Shunt_859;1.000000
Shunt_86;1.000000
Shunt_860;0.000000
Shunt_862;0.000000
Shunt_864;1.000000
Shunt_865;1.000000
Shunt_866;1.000000
Shunt_867;1.000000
Shunt_868;0.000000
Shunt_870;1.000000
Shunt_871;1.000000
Shunt_874;1.000000
Shunt_875;1.000000
Shunt_876;1.000000
Shunt_878;0.000000
Shunt_879;1.000000
Shunt_88;0.000000
Shunt_881;0.000000
Shunt_882;1.000000
Shunt_883;1.000000
Shunt_884;0.000000
Shunt_885;1.000000
Shunt_886;1.000000
Shunt_887;1.000000
Shunt_888;1.000000
Shunt_889;1.000000
Shunt_89;1.000000
Shunt_890;1.000000
Shunt_891;1.000000
Shunt_892;1.000000
Shunt_894;1.000000
Shunt_896;1.000000
Shunt_897;1.000000
Shunt_898;0.000000
Shunt_899;1.000000
Shunt_9;1.000000
Shunt_90;1.000000
Shunt_900;1.000000
Shunt_901;1.000000
Shunt_902;1.000000
Shunt_903;1.000000
Shunt_904;1.000000
Shunt_905;1.000000
Shunt_906;1.000000
Shunt_907;1.000000
Shunt_908;1.000000
Shunt_909;1.000000
Shunt_91;1.000000
Shunt_910;1.000000
Shunt_911;0.000000
Shunt_912;0.000000
Shunt_914;1.000000
Shunt_915;1.000000
Shunt_916;1.000000
Shunt_919;1.000000
Shunt_92;0.000000
Shunt_921;1.000000
Shunt_923;0.000000
Shunt_925;1.000000
Shunt_926;1.000000
Shunt_927;1.000000
Shunt_928;1.000000
Shunt_929;1.000000
Shunt_93;0.000000
Shunt_930;1.000000
Shunt_932;0.000000
Shunt_933;1.000000
Shunt_934;1.000000
Shunt_935;1.000000
Shunt_937;0.000000
Shunt_938;1.000000
Shunt_939;1.000000
Shunt_94;1.000000
Shunt_940;0.000000
Shunt_941;1.000000
Shunt_943;1.000000
Shunt_944;1.000000
Shunt_946;1.000000
Shunt_947;1.000000
Shunt_948;1.000000
Shunt_949;1.000000
Shunt_950;1.000000
Shunt_951;1.000000
Shunt_952;1.000000
Shunt_953;1.000000
Shunt_954;1.000000
Shunt_955;1.000000
Shunt_956;1.000000
Shunt_957;1.000000
Shunt_958;1.000000
Shunt_959;1.000000
Shunt_96;1.000000
Shunt_960;1.000000
Shunt_961;0.000000
Shunt_962;1.000000
Shunt_963;1.000000
Shunt_964;1.000000
Shunt_965;1.000000
Shunt_966;1.000000
Shunt_967;1.000000
Shunt_968;0.000000
Shunt_969;1.000000
Shunt_970;1.000000
Shunt_972;1.000000
Shunt_973;1.000000
Shunt_974;1.000000
Shunt_975;1.000000
Shunt_976;0.000000
Shunt_977;1.000000
Shunt_978;1.000000
Shunt_979;1.000000
Shunt_98;1.000000
Shunt_980;1.000000
Shunt_981;1.000000
Shunt_982;1.000000
Shunt_983;1.000000
Shunt_984;0.000000
Shunt_988;1.000000
Shunt_99;1.000000
Shunt_990;0.000000
Shunt_991;0.000000
Shunt_992;1.000000
Shunt_994;1.000000
Shunt_998;1.000000
Shunt_999;1.000000
Gen_Sgen_1000_Im;-14.777686
Gen_Sgen_1000_Re;94.744568
Gen_Sgen_1011_Im;81.055042
Gen_Sgen_1011_Re;86.779545
Gen_Sgen_1015_Im;-7.965216
Gen_Sgen_1015_Re;33.844023
Gen_Sgen_1016_Im;47.982325
Gen_Sgen_1016_Re;-6.386455
Gen_Sgen_101_Im;-6.726597
Gen_Sgen_101_Re;38.913818
Gen_Sgen_1023_Im;36.159449
Gen_Sgen_1023_Re;0.867795
Gen_Sgen_1026_Im;-16.555304
Gen_Sgen_1026_Re;26.901659
Gen_Sgen_1029_Im;-100.977834
Gen_Sgen_1029_Re;232.976227
Gen_Sgen_102_Im;-6.513691
Gen_Sgen_102_Re;18.223705
Gen_Sgen_1035_Im;-1.694975
Gen_Sgen_1035_Re;100.664273
Gen_Sgen_1043_Im;38.216306
Gen_Sgen_1043_Re;412.299386
Gen_Sgen_1049_Im;338.937587
Gen_Sgen_1049_Re;1366.113136
Gen_Sgen_104_Im;4.006583
Gen_Sgen_104_Re;60.745682
Gen_Sgen_1051_Im;-0.266515
Gen_Sgen_1051_Re;0.867795
Gen_Sgen_1060_Im;89.839642
Gen_Sgen_1060_Re;33.849545
Gen_Sgen_1063_Im;610.413975
Gen_Sgen_1063_Re;3499.347453
Gen_Sgen_1069_Im;61.175580
Gen_Sgen_1069_Re;18.223705
Gen_Sgen_106_Im;7.833457
Gen_Sgen_106_Re;-105.913068
Gen_Sgen_1070_Im;27.975726
Gen_Sgen_1070_Re;30.372841
Gen_Sgen_1086_Im;39.900520
Gen_Sgen_1086_Re;-54.826727
Gen_Sgen_1089_Im;46.096639
Gen_Sgen_1089_Re;42.521977
Gen_Sgen_1092_Im;102.083622
Gen_Sgen_1092_Re;155.533250
Gen_Sgen_1096_Im;350.359366
Gen_Sgen_1096_Re;515.727295
Gen_Sgen_1097_Im;371.109337
Gen_Sgen_1097_Re;329.151273
Gen_Sgen_1115_Im;41.304113
Gen_Sgen_1115_Re;364.013341
Gen_Sgen_111_Im;247.959246
Gen_Sgen_111_Re;843.700273
Gen_Sgen_1121_Im;67.898720
Gen_Sgen_1121_Re;197.857363
Gen_Sgen_1131_Im;231.940841
Gen_Sgen_1131_Re;969.530613
Gen_Sgen_1135_Im;233.374660
Gen_Sgen_1135_Re;946.100136
Gen_Sgen_113_Im;96.629197
Gen_Sgen_113_Re;170.087909
Gen_Sgen_1140_Im;18.849937
Gen_Sgen_1140_Re;100.664273
Gen_Sgen_114_Im;108.176659
Gen_Sgen_114_Re;566.766977
Gen_Sgen_1154_Im;210.250326
Gen_Sgen_1154_Re;1746.207545
Gen_Sgen_1168_Im;391.530920
Gen_Sgen_1168_Re;674.019841
Gen_Sgen_1172_Im;-23.959371
Gen_Sgen_1172_Re;24.745682
Gen_Sgen_1177_Im;988.165447
Gen_Sgen_1177_Re;902.507272
Gen_Sgen_1181_Im;-0.265823
Gen_Sgen_1181_Re;137.979477
Gen_Sgen_118_Im;558.920634
Gen_Sgen_118_Re;1773.666499
Gen_Sgen_1191_Im;35.759752
Gen_Sgen_1191_Re;4.338977
Gen_Sgen_1192_Im;-5.419817
Gen_Sgen_1192_Re;32.108432
Gen_Sgen_1196_Im;106.789818
Gen_Sgen_1196_Re;97.193091
Gen_Sgen_1202_Im;-2.265640
Gen_Sgen_1202_Re;42.143318
Gen_Sgen_1203_Im;471.851994
Gen_Sgen_1203_Re;2175.455794
Gen_Sgen_1219_Im;12.826831
Gen_Sgen_1219_Re;514.699250
Gen_Sgen_1223_Im;-31.928216
Gen_Sgen_1223_Re;-65.451000
Gen_Sgen_1228_Im;34.157535
Gen_Sgen_1228_Re;16.488114
Gen_Sgen_1234_Im;-25.910738
Gen_Sgen_1234_Re;19.959295
Gen_Sgen_1235_Im;3.609569
Gen_Sgen_1235_Re;-36.703136
Gen_Sgen_1240_Im;51.909603
Gen_Sgen_1240_Re;-63.239523
Gen_Sgen_1252_Im;37.396221
Gen_Sgen_1252_Re;-127.993296
Gen_Sgen_1254_Im;34.919809
Gen_Sgen_1254_Re;-161.497364
Gen_Sgen_1256_Im;7.528588
Gen_Sgen_1256_Re;-2.839045
Gen_Sgen_1262_Im;84.123924
Gen_Sgen_1262_Re;1546.614590
Gen_Sgen_1272_Im;0.356293
Gen_Sgen_1272_Re;61.613477
Gen_Sgen_1274_Im;35.832470
Gen_Sgen_1274_Re;-232.638705
Gen_Sgen_1277_Im;4.028895
Gen_Sgen_1277_Re;82.440568
Gen_Sgen_1288_Im;158.374592
Gen_Sgen_1288_Re;1207.306568
Gen_Sgen_1297_Im;15.730719
Gen_Sgen_1297_Re;34.711818
Gen_Sgen_1303_Im;34.586718
Gen_Sgen_1303_Re;-10.309932
Gen_Sgen_1304_Im;9.808976
Gen_Sgen_1304_Re;31.281204
Gen_Sgen_1306_Im;8.801110
Gen_Sgen_1306_Re;58.142295
Gen_Sgen_1310_Im;25.870194
Gen_Sgen_1310_Re;245.586113
Gen_Sgen_1325_Im;-15.758060
Gen_Sgen_1325_Re;206.547886
Gen_Sgen_1327_Im;115.216572
Gen_Sgen_1327_Re;462.631523
Gen_Sgen_1328_Im;-14.152771
Gen_Sgen_1328_Re;-147.146500
Gen_Sgen_1335_Im;92.576843
Gen_Sgen_1335_Re;61.446227
Gen_Sgen_1336_Im;73.188396
Gen_Sgen_1336_Re;5.938909
Gen_Sgen_1337_Im;167.700346
Gen_Sgen_1337_Re;484.326409
Gen_Sgen_133_Im;216.238350
Gen_Sgen_133_Re;726.547886
Gen_Sgen_1342_Im;174.998812
Gen_Sgen_1342_Re;22.400568
Gen_Sgen_1344_Im;10.530683
Gen_Sgen_1344_Re;113.681204
Gen_Sgen_135_Im;55.018797
Gen_Sgen_135_Re;67.688045
Gen_Sgen_136_Im;53.201296
Gen_Sgen_136_Re;122.359159
Gen_Sgen_145_Im;0.302476
Gen_Sgen_145_Re;376.366000
Gen_Sgen_150_Im;-11.892325
Gen_Sgen_150_Re;31.240636
Gen_Sgen_152_Im;242.302266
Gen_Sgen_152_Re;995.307681
Gen_Sgen_154_Im;0.082597
Gen_Sgen_154_Re;45.993159
Gen_Sgen_156_Im;35.458591
Gen_Sgen_156_Re;-109.133296
Gen_Sgen_178_Im;293.095414
Gen_Sgen_178_Re;848.907045
Gen_Sgen_17_Im;-77.638092
Gen_Sgen_17_Re;424.448523
Gen_Sgen_181_Im;161.352727
Gen_Sgen_181_Re;806.996068
Gen_Sgen_185_Im;18.083012
Gen_Sgen_185_Re;-86.500614
Gen_Sgen_191_Im;57.029659
Gen_Sgen_191_Re;82.440568
Gen_Sgen_193_Im;38.043114
Gen_Sgen_193_Re;-105.646568
Gen_Sgen_203_Im;18.088092
Gen_Sgen_203_Re;-83.470068
Gen_Sgen_205_Im;4.985909
Gen_Sgen_205_Re;1.735591
Gen_Sgen_210_Im;-12.183315
Gen_Sgen_210_Re;1.735591
Gen_Sgen_21_Im;-1.592689
Gen_Sgen_21_Re;12.149136
Gen_Sgen_233_Im;17.208360
Gen_Sgen_233_Re;24.298273
Gen_Sgen_239_Im;37.735755
Gen_Sgen_239_Re;6.942364
Gen_Sgen_244_Im;498.955650
Gen_Sgen_244_Re;1524.051908
Gen_Sgen_247_Im;252.000509
Gen_Sgen_247_Re;655.282113
Gen_Sgen_250_Im;-0.347524
Gen_Sgen_250_Re;14.752523
Gen_Sgen_255_Im;-7.919433
Gen_Sgen_255_Re;4.338977
Gen_Sgen_261_Im;326.897151
Gen_Sgen_261_Re;1632.526340
Gen_Sgen_264_Im;14.679748
Gen_Sgen_264_Re;7.010159
Gen_Sgen_270_Im;5.371404
Gen_Sgen_270_Re;5.206773
Gen_Sgen_271_Im;52.690742
Gen_Sgen_271_Re;-292.894955
Gen_Sgen_278_Im;161.896846
Gen_Sgen_278_Re;331.871500
Gen_Sgen_282_Im;2.306153
Gen_Sgen_282_Re;313.573363
Gen_Sgen_286_Im;-6.749646
Gen_Sgen_286_Re;30.372841
Gen_Sgen_296_Im;147.729522
Gen_Sgen_296_Re;819.295454
Gen_Sgen_300_Im;173.616100
Gen_Sgen_300_Re;712.663159
Gen_Sgen_307_Im;31.167659
Gen_Sgen_307_Re;91.986318
Gen_Sgen_320_Im;-16.256998
Gen_Sgen_320_Re;-139.167318
Gen_Sgen_323_Im;19.507401
Gen_Sgen_323_Re;64.326091
Gen_Sgen_331_Im;0.228823
Gen_Sgen_331_Re;11.281341
Gen_Sgen_334_Im;-28.929803
Gen_Sgen_334_Re;139.715068
Gen_Sgen_345_Im;34.349308
Gen_Sgen_345_Re;39.918591
Gen_Sgen_34_Im;-65.298984
Gen_Sgen_34_Re;16.711227
Gen_Sgen_353_Im;10.449383
Gen_Sgen_353_Re;2.358750
Gen_Sgen_355_Im;54.298732
Gen_Sgen_355_Re;-77.593296
Gen_Sgen_356_Im;-1.483808
Gen_Sgen_356_Re;44.799864
Gen_Sgen_360_Im;199.507050
Gen_Sgen_360_Re;1776.580385
Gen_Sgen_364_Im;-8.140745
Gen_Sgen_364_Re;13.016932
Gen_Sgen_367_Im;1.279541
Gen_Sgen_367_Re;53.803318
Gen_Sgen_368_Im;32.211432
Gen_Sgen_368_Re;67.688045
Gen_Sgen_375_Im;-7.698654
Gen_Sgen_375_Re;32.976227
Gen_Sgen_382_Im;-5.327345
Gen_Sgen_382_Re;53.803318
Gen_Sgen_383_Im;45.609906
Gen_Sgen_383_Re;896.635795
Gen_Sgen_387_Im;51.939819
Gen_Sgen_387_Re;97.193091
Gen_Sgen_394_Im;11.309698
Gen_Sgen_394_Re;25.166068
Gen_Sgen_402_Im;328.254925
Gen_Sgen_402_Re;1627.319567
Gen_Sgen_405_Im;15.250404
Gen_Sgen_405_Re;60.643818
Gen_Sgen_406_Im;-0.016354
Gen_Sgen_406_Re;88.515136
Gen_Sgen_410_Im;299.700655
Gen_Sgen_410_Re;1412.106295
Gen_Sgen_411_Im;-1.366371
Gen_Sgen_411_Re;5.206773
Gen_Sgen_412_Im;18.015282
Gen_Sgen_412_Re;15.620318
Gen_Sgen_419_Im;-2.534077
Gen_Sgen_419_Re;6.074568
Gen_Sgen_421_Im;20.601620
Gen_Sgen_421_Re;72.894818
Gen_Sgen_422_Im;-17.011127
Gen_Sgen_422_Re;82.440568
Gen_Sgen_426_Im;-5.707037
Gen_Sgen_426_Re;22.562682
Gen_Sgen_432_Im;4.577361
Gen_Sgen_432_Re;65.952454
Gen_Sgen_434_Im;-1.130086
Gen_Sgen_434_Re;4.338977
Gen_Sgen_43_Im;-7.998900
Gen_Sgen_43_Re;24.298273
Gen_Sgen_444_Im;-0.389229
Gen_Sgen_444_Re;311.538568
Gen_Sgen_447_Im;-11.310326
Gen_Sgen_447_Re;110.210023
Gen_Sgen_451_Im;133.282755
Gen_Sgen_451_Re;683.051568
Gen_Sgen_465_Im;-7.609813
Gen_Sgen_465_Re;1.735591
Gen_Sgen_468_Im;-34.976853
Gen_Sgen_468_Re;67.688045
Gen_Sgen_469_Im;26.615941
Gen_Sgen_469_Re;18.730750
Gen_Sgen_46_Im;366.322197
Gen_Sgen_46_Re;1782.654954
Gen_Sgen_473_Im;-5.406506
Gen_Sgen_473_Re;72.894818
Gen_Sgen_479_Im;243.608291
Gen_Sgen_479_Re;335.836841
Gen_Sgen_480_Im;9.152718
Gen_Sgen_480_Re;37.301454
Gen_Sgen_484_Im;-3.077709
Gen_Sgen_484_Re;-55.532205
Gen_Sgen_492_Im;87.105936
Gen_Sgen_492_Re;389.736704
Gen_Sgen_493_Im;38.129583
Gen_Sgen_493_Re;-30.961023
Gen_Sgen_498_Im;37.099612
Gen_Sgen_498_Re;25.166068
Gen_Sgen_499_Im;-0.482422
Gen_Sgen_499_Re;23.430477
Gen_Sgen_500_Im;-0.056619
Gen_Sgen_500_Re;-0.000000
Gen_Sgen_502_Im;54.589606
Gen_Sgen_502_Re;60.745682
Gen_Sgen_507_Im;-16.499683
Gen_Sgen_507_Re;71.159227
Gen_Sgen_510_Im;91.647398
Gen_Sgen_510_Re;840.840091
Gen_Sgen_518_Im;8.924961
Gen_Sgen_518_Re;-188.068205
Gen_Sgen_51_Im;0.257030
Gen_Sgen_51_Re;88.515136
Gen_Sgen_524_Im;274.427591
Gen_Sgen_524_Re;627.158886
Gen_Sgen_534_Im;-5.722326
Gen_Sgen_534_Re;31.240636
Gen_Sgen_537_Im;227.763672
Gen_Sgen_537_Re;463.402772
Gen_Sgen_545_Im;34.949456
Gen_Sgen_545_Re;19.376023
Gen_Sgen_551_Im;-33.319820
Gen_Sgen_551_Re;61.395295
Gen_Sgen_553_Im;32.076955
Gen_Sgen_553_Re;902.603818
Gen_Sgen_559_Im;16.739538
Gen_Sgen_559_Re;28.345364
Gen_Sgen_565_Im;147.745365
Gen_Sgen_565_Re;805.260477
Gen_Sgen_574_Im;-2.480791
Gen_Sgen_574_Re;615.160000
Gen_Sgen_578_Im;160.111740
Gen_Sgen_578_Re;574.223363
Gen_Sgen_57_Im;5.471100
Gen_Sgen_57_Re;143.186250
Gen_Sgen_585_Im;122.639320
Gen_Sgen_585_Re;820.163250
Gen_Sgen_586_Im;34.269494
Gen_Sgen_586_Re;39.424818
Gen_Sgen_592_Im;38.018252
Gen_Sgen_592_Re;52.334977
Gen_Sgen_598_Im;-13.709890
Gen_Sgen_598_Re;15.937727
Gen_Sgen_602_Im;0.010588
Gen_Sgen_602_Re;-3.167523
Gen_Sgen_610_Im;31.133522
Gen_Sgen_610_Re;45.125364
Gen_Sgen_617_Im;2.026445
Gen_Sgen_617_Re;72.764682
Gen_Sgen_619_Im;106.890050
Gen_Sgen_619_Re;131.037114
Gen_Sgen_624_Im;3.462656
Gen_Sgen_624_Re;68.555841
Gen_Sgen_625_Im;36.889825
Gen_Sgen_625_Re;10.413545
Gen_Sgen_627_Im;57.029561
Gen_Sgen_627_Re;0.000000
Gen_Sgen_640_Im;247.308980
Gen_Sgen_640_Re;2469.274249
Gen_Sgen_64_Im;261.788196
Gen_Sgen_64_Re;260.745682
Gen_Sgen_654_Im;11.831112
Gen_Sgen_654_Re;39.050795
Gen_Sgen_660_Im;17.019710
Gen_Sgen_660_Re;-42.828477
Gen_Sgen_664_Im;38.572830
Gen_Sgen_664_Re;500.814523
Gen_Sgen_669_Im;102.158953
Gen_Sgen_669_Re;729.044727
Gen_Sgen_670_Im;17.004939
Gen_Sgen_670_Re;29.505045
Gen_Sgen_676_Im;37.859608
Gen_Sgen_676_Re;-105.843046
Gen_Sgen_688_Im;8.712017
Gen_Sgen_688_Re;36.723795
Gen_Sgen_694_Im;28.200651
Gen_Sgen_694_Re;43.389773
Gen_Sgen_696_Im;4.083655
Gen_Sgen_696_Re;-100.861023
Gen_Sgen_702_Im;10.833641
Gen_Sgen_702_Re;65.084659
Gen_Sgen_70_Im;-7.555873
Gen_Sgen_70_Re;50.865773
Gen_Sgen_713_Im;113.306693
Gen_Sgen_713_Re;911.281772
Gen_Sgen_715_Im;38.369611
Gen_Sgen_715_Re;69.365454
Gen_Sgen_716_Im;129.535535
Gen_Sgen_716_Re;662.224477
Gen_Sgen_717_Im;-2.068727
Gen_Sgen_717_Re;6.942364
Gen_Sgen_721_Im;-7.597194
Gen_Sgen_721_Re;109.342227
Gen_Sgen_726_Im;0.503804
Gen_Sgen_726_Re;-45.052045
Gen_Sgen_72_Im;17.873086
Gen_Sgen_72_Re;-152.596887
Gen_Sgen_732_Im;-12.088559
Gen_Sgen_732_Re;64.216864
Gen_Sgen_739_Im;9.673992
Gen_Sgen_739_Re;42.240091
Gen_Sgen_744_Im;8.260991
Gen_Sgen_744_Re;24.298273
Gen_Sgen_747_Im;4.272622
Gen_Sgen_747_Re;41.654182
Gen_Sgen_749_Im;34.426325
Gen_Sgen_749_Re;45.993159
Gen_Sgen_750_Im;-109.576063
Gen_Sgen_750_Re;72.894818
Gen_Sgen_756_Im;15.868706
Gen_Sgen_756_Re;41.067818
Gen_Sgen_757_Im;0.074751
Gen_Sgen_757_Re;26.033864
Gen_Sgen_760_Im;341.590504
Gen_Sgen_760_Re;1449.421499
Gen_Sgen_769_Im;-24.738942
Gen_Sgen_769_Re;40.786386
Gen_Sgen_774_Im;0.017575
Gen_Sgen_774_Re;64.216864
Gen_Sgen_782_Im;36.368352
Gen_Sgen_782_Re;-198.983068
Gen_Sgen_788_Im;-6.749755
Gen_Sgen_788_Re;7.810159
Gen_Sgen_789_Im;392.700696
Gen_Sgen_789_Re;1776.580385
Gen_Sgen_78_Im;-7.789678
Gen_Sgen_78_Re;20.827091
Gen_Sgen_793_Im;-1.077471
Gen_Sgen_793_Re;-113.791569
Gen_Sgen_79_Im;45.305161
Gen_Sgen_79_Re;271.945614
Gen_Sgen_806_Im;38.258978
Gen_Sgen_806_Re;7.810159
Gen_Sgen_809_Im;208.690116
Gen_Sgen_809_Re;1658.560204
Gen_Sgen_810_Im;-48.118558
Gen_Sgen_810_Re;185.708227
Gen_Sgen_811_Im;29.979533
Gen_Sgen_811_Re;645.736363
Gen_Sgen_812_Im;37.489738
Gen_Sgen_812_Re;44.161295
Gen_Sgen_813_Im;72.786017
Gen_Sgen_813_Re;3265.910476
Gen_Sgen_819_Im;-4.021090
Gen_Sgen_819_Re;144.054045
Gen_Sgen_81_Im;135.519864
Gen_Sgen_81_Re;-45.979682
Gen_Sgen_820_Im;-0.689657
Gen_Sgen_820_Re;29.505045
Gen_Sgen_822_Im;36.799445
Gen_Sgen_822_Re;20.827091
Gen_Sgen_836_Im;103.179473
Gen_Sgen_836_Re;53.803318
Gen_Sgen_837_Im;-4.887444
Gen_Sgen_837_Re;107.606636
Gen_Sgen_844_Im;160.304036
Gen_Sgen_844_Re;613.477682
Gen_Sgen_853_Im;223.573313
Gen_Sgen_853_Re;1426.141272
Gen_Sgen_857_Im;115.499940
Gen_Sgen_857_Re;209.151273
Gen_Sgen_861_Im;182.743229
Gen_Sgen_861_Re;309.260818
Gen_Sgen_863_Im;-5.655419
Gen_Sgen_863_Re;45.993159
Gen_Sgen_869_Im;17.209628
Gen_Sgen_869_Re;-14.826046
Gen_Sgen_872_Im;198.185469
Gen_Sgen_872_Re;879.279886
Gen_Sgen_873_Im;37.232714
Gen_Sgen_873_Re;-97.619205
Gen_Sgen_877_Im;13.988284
Gen_Sgen_877_Re;-21.810296
Gen_Sgen_87_Im;-11.058550
Gen_Sgen_87_Re;68.555841
Gen_Sgen_880_Im;313.820176
Gen_Sgen_880_Re;705.260477
Gen_Sgen_893_Im;-13.378793
Gen_Sgen_893_Re;240.350909
Gen_Sgen_895_Im;-8.276476
Gen_Sgen_895_Re;42.521977
Gen_Sgen_913_Im;17.138283
Gen_Sgen_913_Re;83.308364
Gen_Sgen_917_Im;0.008601
Gen_Sgen_917_Re;9.545750
Gen_Sgen_918_Im;-27.949731
Gen_Sgen_918_Re;121.491364
Gen_Sgen_920_Im;38.289100
Gen_Sgen_920_Re;67.688045
Gen_Sgen_922_Im;1.862837
Gen_Sgen_922_Re;-6.286182
Gen_Sgen_924_Im;20.858122
Gen_Sgen_924_Re;80.082386
Gen_Sgen_931_Im;49.150067
Gen_Sgen_931_Re;59.877886
Gen_Sgen_936_Im;-30.242927
Gen_Sgen_936_Re;880.041136
Gen_Sgen_942_Im;87.484868
Gen_Sgen_942_Re;67.688045
Gen_Sgen_945_Im;-12.159940
Gen_Sgen_945_Re;-156.853205
Gen_Sgen_95_Im;-17.525292
Gen_Sgen_95_Re;202.196341
Gen_Sgen_971_Im;-105.762643
Gen_Sgen_971_Re;190.915000
Gen_Sgen_97_Im;51.299431
Gen_Sgen_97_Re;13.884727
Gen_Sgen_985_Im;63.026559
Gen_Sgen_985_Re;120.623568
Gen_Sgen_986_Im;3.512091
Gen_Sgen_986_Re;68.555841
Gen_Sgen_987_Im;-3.687477
Gen_Sgen_987_Re;19.091500
Gen_Sgen_989_Im;33.448719
Gen_Sgen_989_Re;18.787500
Gen_Sgen_993_Im;53.237585
Gen_Sgen_993_Re;62.481273
Gen_Sgen_995_Im;18.559172
Gen_Sgen_995_Re;-409.537864
Gen_Sgen_997_Im;870.109551
Gen_Sgen_997_Re;3376.988294
VOLT_1000_Im;0.224176
VOLT_1000_Re;1.076915
VOLT_1001_Im;0.367176
VOLT_1001_Re;0.968503
VOLT_1002_Im;0.126006
VOLT_1002_Re;1.086404
VOLT_1003_Im;0.193583
VOLT_1003_Re;1.052048
VOLT_1004_Im;-0.069653
VOLT_1004_Re;1.031210
VOLT_1005_Im;-0.215495
VOLT_1005_Re;1.041043
VOLT_1006_Im;0.022415
VOLT_1006_Re;1.097216
VOLT_1007_Im;0.302595
VOLT_1007_Re;1.027290
VOLT_1008_Im;0.272194
VOLT_1008_Re;1.059884
VOLT_1009_Im;0.173477
VOLT_1009_Re;1.063429
VOLT_100_Im;0.158619
VOLT_100_Re;1.065149
VOLT_1010_Im;0.002739
VOLT_1010_Re;1.078807
VOLT_1011_Im;0.268974
VOLT_1011_Re;1.059654
VOLT_1012_Im;0.049117
VOLT_1012_Re;1.096590
VOLT_1013_Im;0.058167
VOLT_1013_Re;1.092915
VOLT_1014_Im;0.327522
VOLT_1014_Re;1.046864
VOLT_1015_Im;0.092267
VOLT_1015_Re;1.096123
VOLT_1016_Im;0.143834
VOLT_1016_Re;1.085104
VOLT_1017_Im;0.030754
VOLT_1017_Re;1.095548
VOLT_1018_Im;0.026474
VOLT_1018_Re;1.099299
VOLT_1019_Im;0.283979
VOLT_1019_Re;1.006898
VOLT_101_Im;0.224829
VOLT_101_Re;1.056967
VOLT_1020_Im;-0.003761
VOLT_1020_Re;1.093862
VOLT_1021_Im;0.153834
VOLT_1021_Re;1.059835
VOLT_1022_Im;0.247320
VOLT_1022_Re;1.071836
VOLT_1023_Im;0.185605
VOLT_1023_Re;1.082652
VOLT_1024_Im;-0.093543
VOLT_1024_Re;1.078061
VOLT_1025_Im;0.042035
VOLT_1025_Re;1.090552
VOLT_1026_Im;0.181100
VOLT_1026_Re;1.073035
VOLT_1027_Im;0.055206
VOLT_1027_Re;1.092941
VOLT_1028_Im;0.184362
VOLT_1028_Re;1.073659
VOLT_1029_Im;0.245269
VOLT_1029_Re;0.991060
VOLT_102_Im;0.301607
VOLT_102_Re;1.057783
VOLT_1030_Im;0.203320
VOLT_1030_Re;1.068043
VOLT_1031_Im;0.147707
VOLT_1031_Re;1.071854
VOLT_1032_Im;0.128280
VOLT_1032_Re;1.060965
VOLT_1033_Im;0.008961
VOLT_1033_Re;1.097802
VOLT_1034_Im;0.282864
VOLT_1034_Re;1.050685
VOLT_1035_Im;0.379954
VOLT_1035_Re;1.032295
VOLT_1036_Im;0.169444
VOLT_1036_Re;1.058870
VOLT_1037_Im;0.024839
VOLT_1037_Re;1.095666
VOLT_1038_Im;0.269695
VOLT_1038_Re;1.054102
VOLT_1039_Im;0.173118
VOLT_1039_Re;1.070486
VOLT_103_Im;0.254430
VOLT_103_Re;1.062528
VOLT_1040_Im;0.213149
VOLT_1040_Re;1.077255
VOLT_1041_Im;0.124944
VOLT_1041_Re;1.065145
VOLT_1042_Im;0.045625
VOLT_1042_Re;1.099053
VOLT_1043_Im;0.394691
VOLT_1043_Re;1.012980
VOLT_1044_Im;0.147683
VOLT_1044_Re;1.072028
VOLT_1045_Im;0.013047
VOLT_1045_Re;1.099018
VOLT_1046_Im;0.085415
VOLT_1046_Re;1.061659
VOLT_1047_Im;-0.116077
VOLT_1047_Re;1.088841
VOLT_1048_Im;0.126921
VOLT_1048_Re;1.049967
VOLT_1049_Im;0.366172
VOLT_1049_Re;1.049165
VOLT_104_Im;0.186281
VOLT_104_Re;1.084108
VOLT_1050_Im;0.266922
VOLT_1050_Re;1.058862
VOLT_1051_Im;0.303045
VOLT_1051_Re;1.057424
VOLT_1052_Im;0.069882
VOLT_1052_Re;1.086972
VOLT_1053_Im;0.090188
VOLT_1053_Re;1.063238
VOLT_1054_Im;0.148429
VOLT_1054_Re;1.074544
VOLT_1055_Im;0.295051
VOLT_1055_Re;1.031053
VOLT_1056_Im;-0.092405
VOLT_1056_Re;1.044250
VOLT_1057_Im;0.246079
VOLT_1057_Re;1.071921
VOLT_1058_Im;0.157894
VOLT_1058_Re;1.071684
VOLT_1059_Im;0.239417
VOLT_1059_Re;1.040198
VOLT_105_Im;0.138839
VOLT_105_Re;1.068383
VOLT_1060_Im;0.241905
VOLT_1060_Re;1.024022
VOLT_1061_Im;0.010470
VOLT_1061_Re;1.072874
VOLT_1062_Im;0.264623
VOLT_1062_Re;1.024214
VOLT_1063_Im;0.414697
VOLT_1063_Re;1.018836
VOLT_1064_Im;0.328972
VOLT_1064_Re;1.049656
VOLT_1065_Im;0.286903
VOLT_1065_Re;1.059726
VOLT_1066_Im;0.182438
VOLT_1066_Re;1.082256
VOLT_1067_Im;0.292587
VOLT_1067_Re;1.060311
VOLT_1068_Im;0.155837
VOLT_1068_Re;1.072063
VOLT_1069_Im;0.128288
VOLT_1069_Re;1.083818
VOLT_106_Im;0.064151
VOLT_106_Re;1.089348
VOLT_1070_Im;0.132695
VOLT_1070_Re;1.034823
VOLT_1071_Im;0.134672
VOLT_1071_Re;1.089426
VOLT_1072_Im;0.280420
VOLT_1072_Re;1.051081
VOLT_1073_Im;0.137217
VOLT_1073_Re;1.074091
VOLT_1074_Im;0.269615
VOLT_1074_Re;1.054025
VOLT_1075_Im;0.032282
VOLT_1075_Re;1.043042
VOLT_1076_Im;0.196206
VOLT_1076_Re;1.073832
VOLT_1077_Im;0.097141
VOLT_1077_Re;1.075672
VOLT_1078_Im;0.008166
VOLT_1078_Re;1.092036
VOLT_1079_Im;0.171974
VOLT_1079_Re;1.066321
VOLT_107_Im;0.274603
VOLT_107_Re;1.065173
VOLT_1080_Im;0.156694
VOLT_1080_Re;1.030906
VOLT_1081_Im;0.066732
VOLT_1081_Re;1.077558
VOLT_1082_Im;0.229367
VOLT_1082_Re;1.054674
VOLT_1083_Im;-0.008195
VOLT_1083_Re;1.067023
VOLT_1084_Im;0.131664
VOLT_1084_Re;1.069251
VOLT_1085_Im;0.185608
VOLT_1085_Re;1.082392
VOLT_1086_Im;-0.107304
VOLT_1086_Re;1.083308
VOLT_1087_Im;0.250060
VOLT_1087_Re;1.023646
VOLT_1088_Im;0.177525
VOLT_1088_Re;1.084653
VOLT_1089_Im;0.219616
VOLT_1089_Re;1.073471
VOLT_108_Im;0.199547
VOLT_108_Re;1.081749
VOLT_1090_Im;-0.003904
VOLT_1090_Re;1.093872
VOLT_1091_Im;0.041255
VOLT_1091_Re;1.065787
VOLT_1092_Im;0.156286
VOLT_1092_Re;1.088840
VOLT_1093_Im;0.026474
VOLT_1093_Re;1.099299
VOLT_1094_Im;0.155024
VOLT_1094_Re;1.035340
VOLT_1095_Im;0.234541
VOLT_1095_Re;1.057365
VOLT_1096_Im;0.194198
VOLT_1096_Re;1.056728
VOLT_1097_Im;0.178443
VOLT_1097_Re;1.032930
VOLT_1098_Im;0.333943
VOLT_1098_Re;1.046606
VOLT_1099_Im;0.141341
VOLT_1099_Re;1.056411
VOLT_109_Im;0.327273
VOLT_109_Re;1.013494
VOLT_10_Im;0.285882
VOLT_10_Re;1.005556
VOLT_1100_Im;0.138018
VOLT_1100_Re;1.030667
VOLT_1101_Im;0.165864
VOLT_1101_Re;1.073020
VOLT_1102_Im;0.223496
VOLT_1102_Re;1.053009
VOLT_1103_Im;0.131292
VOLT_1103_Re;1.087972
VOLT_1104_Im;0.133984
VOLT_1104_Re;1.070674
VOLT_1105_Im;0.162339
VOLT_1105_Re;1.067224
VOLT_1106_Im;-0.016012
VOLT_1106_Re;1.091495
VOLT_1107_Im;0.177032
VOLT_1107_Re;1.075133
VOLT_1108_Im;0.003145
VOLT_1108_Re;1.083503
VOLT_1109_Im;0.325026
VOLT_1109_Re;1.047847
VOLT_110_Im;0.333943
VOLT_110_Re;1.046606
VOLT_1110_Im;0.244817
VOLT_1110_Re;1.051749
VOLT_1111_Im;0.051012
VOLT_1111_Re;1.068719
VOLT_1112_Im;0.127972
VOLT_1112_Re;1.060777
VOLT_1113_Im;0.268527
VOLT_1113_Re;1.061555
VOLT_1114_Im;0.307774
VOLT_1114_Re;1.033068
VOLT_1115_Im;0.198750
VOLT_1115_Re;1.048743
VOLT_1116_Im;0.078922
VOLT_1116_Re;1.078084
VOLT_1117_Im;0.028680
VOLT_1117_Re;1.097565
VOLT_1118_Im;0.143278
VOLT_1118_Re;1.077017
VOLT_1119_Im;0.309163
VOLT_1119_Re;1.029376
VOLT_111_Im;0.358871
VOLT_111_Re;1.027721
VOLT_1120_Im;0.212005
VOLT_1120_Re;1.062247
VOLT_1121_Im;0.280349
VOLT_1121_Re;1.063675
VOLT_1122_Im;0.204976
VOLT_1122_Re;1.050597
VOLT_1123_Im;0.138969
VOLT_1123_Re;1.065847
VOLT_1124_Im;0.205522
VOLT_1124_Re;1.050268
VOLT_1125_Im;0.124975
VOLT_1125_Re;1.079482
VOLT_1126_Im;0.126139
VOLT_1126_Re;1.069927
VOLT_1127_Im;0.129963
VOLT_1127_Re;1.066223
VOLT_1128_Im;-0.311977
VOLT_1128_Re;1.010623
VOLT_1129_Im;0.042264
VOLT_1129_Re;1.092788
VOLT_112_Im;0.309226
VOLT_112_Re;1.017340
VOLT_1130_Im;-0.019740
VOLT_1130_Re;1.074684
VOLT_1131_Im;0.452398
VOLT_1131_Re;0.997061
VOLT_1132_Im;0.195266
VOLT_1132_Re;1.052914
VOLT_1133_Im;0.125291
VOLT_1133_Re;1.065103
VOLT_1134_Im;0.026474
VOLT_1134_Re;1.099299
VOLT_1135_Im;0.388545
VOLT_1135_Re;1.020499
VOLT_1136_Im;0.242558
VOLT_1136_Re;1.057843
VOLT_1137_Im;0.295849
VOLT_1137_Re;1.056931
VOLT_1138_Im;0.208399
VOLT_1138_Re;1.040205
VOLT_1139_Im;0.295693
VOLT_1139_Re;1.031226
VOLT_113_Im;0.366656
VOLT_113_Re;1.034678
VOLT_1140_Im;0.235601
VOLT_1140_Re;1.032831
VOLT_1141_Im;0.192043
VOLT_1141_Re;1.046568
VOLT_1142_Im;0.319878
VOLT_1142_Re;1.049031
VOLT_1143_Im;0.055728
VOLT_1143_Re;1.093703
VOLT_1144_Im;-0.041819
VOLT_1144_Re;1.083566
VOLT_1145_Im;0.197570
VOLT_1145_Re;1.059896
VOLT_1146_Im;0.224739
VOLT_1146_Re;1.076359
VOLT_1147_Im;-0.019623
VOLT_1147_Re;1.072122
VOLT_1148_Im;0.057432
VOLT_1148_Re;1.092795
VOLT_1149_Im;0.070880
VOLT_1149_Re;1.074206
VOLT_114_Im;0.335268
VOLT_114_Re;1.011478
VOLT_1150_Im;0.168730
VOLT_1150_Re;1.077898
VOLT_1151_Im;0.081892
VOLT_1151_Re;1.077112
VOLT_1152_Im;-0.235563
VOLT_1152_Re;1.071012
VOLT_1153_Im;0.188133
VOLT_1153_Re;1.053328
VOLT_1154_Im;0.357601
VOLT_1154_Re;1.033981
VOLT_1155_Im;0.038763
VOLT_1155_Re;1.098317
VOLT_1156_Im;0.227238
VOLT_1156_Re;1.062430
VOLT_1157_Im;0.150957
VOLT_1157_Re;1.074087
VOLT_1158_Im;0.234712
VOLT_1158_Re;1.040691
VOLT_1159_Im;0.079101
VOLT_1159_Re;1.086856
VOLT_115_Im;-0.000245
VOLT_115_Re;1.089302
VOLT_1160_Im;0.248081
VOLT_1160_Re;1.054386
VOLT_1161_Im;0.145285
VOLT_1161_Re;1.072915
VOLT_1162_Im;0.111435
VOLT_1162_Re;1.078433
VOLT_1163_Im;0.058199
VOLT_1163_Re;1.092968
VOLT_1164_Im;0.022176
VOLT_1164_Re;1.097151
VOLT_1165_Im;0.338679
VOLT_1165_Re;1.015298
VOLT_1166_Im;0.277993
VOLT_1166_Re;1.063317
VOLT_1167_Im;0.087119
VOLT_1167_Re;1.058724
VOLT_1168_Im;0.416684
VOLT_1168_Re;1.006095
VOLT_1169_Im;0.212529
VOLT_1169_Re;1.064226
VOLT_116_Im;0.177032
VOLT_116_Re;1.075129
VOLT_1170_Im;0.329828
VOLT_1170_Re;1.024099
VOLT_1171_Im;0.141365
VOLT_1171_Re;1.064495
VOLT_1172_Im;0.209914
VOLT_1172_Re;1.068350
VOLT_1173_Im;0.271572
VOLT_1173_Re;1.060041
VOLT_1174_Im;0.147684
VOLT_1174_Re;1.072014
VOLT_1175_Im;-0.020407
VOLT_1175_Re;1.086056
VOLT_1176_Im;0.018204
VOLT_1176_Re;1.095976
VOLT_1177_Im;0.104989
VOLT_1177_Re;1.080322
VOLT_1178_Im;0.256584
VOLT_1178_Re;1.051407
VOLT_1179_Im;0.305679
VOLT_1179_Re;1.051987
VOLT_117_Im;0.216793
VOLT_117_Re;1.044774
VOLT_1180_Im;0.000435
VOLT_1180_Re;1.095622
VOLT_1181_Im;0.340403
VOLT_1181_Re;1.046003
VOLT_1182_Im;0.288464
VOLT_1182_Re;1.061503
VOLT_1183_Im;-0.056215
VOLT_1183_Re;1.095700
VOLT_1184_Im;0.126618
VOLT_1184_Re;1.082092
VOLT_1185_Im;0.164430
VOLT_1185_Re;1.072303
VOLT_1186_Im;0.122317
VOLT_1186_Re;1.072812
VOLT_1187_Im;0.131970
VOLT_1187_Re;1.063382
VOLT_1188_Im;0.251511
VOLT_1188_Re;1.023986
VOLT_1189_Im;0.056794
VOLT_1189_Re;1.092592
VOLT_118_Im;0.160912
VOLT_118_Re;1.071095
VOLT_1190_Im;0.144304
VOLT_1190_Re;1.072638
VOLT_1191_Im;0.170903
VOLT_1191_Re;1.045351
VOLT_1192_Im;0.209303
VOLT_1192_Re;1.071493
VOLT_1193_Im;-0.092467
VOLT_1193_Re;1.079979
VOLT_1194_Im;0.212035
VOLT_1194_Re;1.063874
VOLT_1195_Im;0.069160
VOLT_1195_Re;1.084672
VOLT_1196_Im;0.279257
VOLT_1196_Re;1.049322
VOLT_1197_Im;0.272551
VOLT_1197_Re;1.056138
VOLT_1198_Im;0.013964
VOLT_1198_Re;1.098238
VOLT_1199_Im;0.146254
VOLT_1199_Re;1.079859
VOLT_119_Im;-0.129706
VOLT_119_Re;1.086063
VOLT_11_Im;0.004351
VOLT_11_Re;1.083439
VOLT_1200_Im;0.267951
VOLT_1200_Re;1.058970
VOLT_1201_Im;0.226545
VOLT_1201_Re;1.069129
VOLT_1202_Im;0.186772
VOLT_1202_Re;1.084027
VOLT_1203_Im;0.325515
VOLT_1203_Re;1.050733
VOLT_1204_Im;0.011103
VOLT_1204_Re;1.099944
VOLT_1205_Im;0.003001
VOLT_1205_Re;1.089808
VOLT_1206_Im;0.238818
VOLT_1206_Re;1.073608
VOLT_1207_Im;0.171700
VOLT_1207_Re;1.060861
VOLT_1208_Im;0.114293
VOLT_1208_Re;1.031235
VOLT_1209_Im;-0.042796
VOLT_1209_Re;1.082891
VOLT_120_Im;0.119992
VOLT_120_Re;1.071491
VOLT_1210_Im;0.272880
VOLT_1210_Re;1.051214
VOLT_1211_Im;0.250800
VOLT_1211_Re;1.052780
VOLT_1212_Im;-0.344452
VOLT_1212_Re;1.043985
VOLT_1213_Im;0.055349
VOLT_1213_Re;1.088766
VOLT_1214_Im;0.138505
VOLT_1214_Re;1.069614
VOLT_1215_Im;0.008430
VOLT_1215_Re;1.099095
VOLT_1216_Im;-0.003524
VOLT_1216_Re;1.094076
VOLT_1217_Im;0.038565
VOLT_1217_Re;1.046939
VOLT_1218_Im;0.056319
VOLT_1218_Re;1.070435
VOLT_1219_Im;0.288291
VOLT_1219_Re;1.047760
VOLT_121_Im;-0.042484
VOLT_121_Re;1.083132
VOLT_1220_Im;0.257927
VOLT_1220_Re;1.053407
VOLT_1221_Im;0.034724
VOLT_1221_Re;1.047856
VOLT_1222_Im;0.160674
VOLT_1222_Re;1.042547
VOLT_1223_Im;0.257852
VOLT_1223_Re;1.054200
VOLT_1224_Im;-0.339615
VOLT_1224_Re;1.046261
VOLT_1225_Im;0.269344
VOLT_1225_Re;1.055766
VOLT_1226_Im;0.274657
VOLT_1226_Re;1.061341
VOLT_1227_Im;0.182361
VOLT_1227_Re;1.041143
VOLT_1228_Im;0.143085
VOLT_1228_Re;1.056027
VOLT_1229_Im;0.280082
VOLT_1229_Re;0.983136
VOLT_122_Im;0.164536
VOLT_122_Re;1.059630
VOLT_1230_Im;0.302031
VOLT_1230_Re;1.051902
VOLT_1231_Im;0.248957
VOLT_1231_Re;1.048408
VOLT_1232_Im;-0.041352
VOLT_1232_Re;1.083491
VOLT_1233_Im;0.001551
VOLT_1233_Re;1.089137
VOLT_1234_Im;0.247660
VOLT_1234_Re;1.070892
VOLT_1235_Im;0.176523
VOLT_1235_Re;1.072042
VOLT_1236_Im;0.041608
VOLT_1236_Re;1.090399
VOLT_1237_Im;0.060217
VOLT_1237_Re;1.097617
VOLT_1238_Im;0.250926
VOLT_1238_Re;1.070803
VOLT_1239_Im;0.107981
VOLT_1239_Re;1.022949
VOLT_123_Im;0.270804
VOLT_123_Re;1.052659
VOLT_1240_Im;0.066735
VOLT_1240_Re;1.077543
VOLT_1241_Im;0.229009
VOLT_1241_Re;1.038390
VOLT_1242_Im;-0.022900
VOLT_1242_Re;1.090272
VOLT_1243_Im;0.273762
VOLT_1243_Re;1.059846
VOLT_1244_Im;0.067563
VOLT_1244_Re;1.032456
VOLT_1245_Im;-0.017932
VOLT_1245_Re;1.066385
VOLT_1246_Im;0.018031
VOLT_1246_Re;1.089338
VOLT_1247_Im;0.026075
VOLT_1247_Re;1.087200
VOLT_1248_Im;0.154466
VOLT_1248_Re;1.078305
VOLT_1249_Im;0.130556
VOLT_1249_Re;1.079339
VOLT_124_Im;0.245120
VOLT_124_Re;1.071984
VOLT_1250_Im;0.215278
VOLT_1250_Re;1.060495
VOLT_1251_Im;0.122090
VOLT_1251_Re;1.071893
VOLT_1252_Im;0.229543
VOLT_1252_Re;1.069754
VOLT_1253_Im;0.114537
VOLT_1253_Re;1.052149
VOLT_1254_Im;0.063819
VOLT_1254_Re;1.070286
VOLT_1255_Im;0.215398
VOLT_1255_Re;1.046120
VOLT_1256_Im;0.005480
VOLT_1256_Re;1.090358
VOLT_1257_Im;0.064479
VOLT_1257_Re;1.090501
VOLT_1258_Im;-0.097404
VOLT_1258_Re;1.067178
VOLT_1259_Im;0.282368
VOLT_1259_Re;1.059215
VOLT_125_Im;0.064720
VOLT_125_Re;1.097947
VOLT_1260_Im;0.259946
VOLT_1260_Re;1.058227
VOLT_1261_Im;0.133179
VOLT_1261_Re;1.071061
VOLT_1262_Im;0.214720
VOLT_1262_Re;1.062257
VOLT_1263_Im;-0.017969
VOLT_1263_Re;1.087327
VOLT_1264_Im;0.056762
VOLT_1264_Re;1.093058
VOLT_1265_Im;-0.097292
VOLT_1265_Re;1.056350
VOLT_1266_Im;-0.368692
VOLT_1266_Re;1.031100
VOLT_1267_Im;0.371674
VOLT_1267_Re;0.966608
VOLT_1268_Im;0.122361
VOLT_1268_Re;1.072082
VOLT_1269_Im;0.123997
VOLT_1269_Re;1.085709
VOLT_126_Im;0.023398
VOLT_126_Re;1.096832
VOLT_1270_Im;0.249305
VOLT_1270_Re;1.057881
VOLT_1271_Im;0.095466
VOLT_1271_Re;1.072858
VOLT_1272_Im;0.337806
VOLT_1272_Re;1.046245
VOLT_1273_Im;0.178629
VOLT_1273_Re;1.075534
VOLT_1274_Im;0.267950
VOLT_1274_Re;1.058969
VOLT_1275_Im;0.030798
VOLT_1275_Re;1.080120
VOLT_1276_Im;-0.070866
VOLT_1276_Re;1.053226
VOLT_1277_Im;0.339420
VOLT_1277_Re;1.046323
VOLT_1278_Im;0.271840
VOLT_1278_Re;0.973019
VOLT_1279_Im;0.034784
VOLT_1279_Re;1.089985
VOLT_127_Im;0.064693
VOLT_127_Re;1.070446
VOLT_1280_Im;0.023303
VOLT_1280_Re;1.058192
VOLT_1281_Im;0.025823
VOLT_1281_Re;1.097433
VOLT_1282_Im;0.171161
VOLT_1282_Re;1.078518
VOLT_1283_Im;0.459812
VOLT_1283_Re;0.997633
VOLT_1284_Im;-0.154900
VOLT_1284_Re;1.065722
VOLT_1285_Im;-0.312796
VOLT_1285_Re;1.007114
VOLT_1286_Im;0.210943
VOLT_1286_Re;1.051215
VOLT_1287_Im;-0.184243
VOLT_1287_Re;1.076075
VOLT_1288_Im;0.213271
VOLT_1288_Re;1.062548
VOLT_1289_Im;0.023015
VOLT_1289_Re;1.095022
VOLT_128_Im;0.019912
VOLT_128_Re;1.098894
VOLT_1290_Im;0.012718
VOLT_1290_Re;1.084142
VOLT_1291_Im;0.065529
VOLT_1291_Re;1.093770
VOLT_1292_Im;0.044924
VOLT_1292_Re;1.085826
VOLT_1293_Im;0.253341
VOLT_1293_Re;0.989120
VOLT_1294_Im;0.364443
VOLT_1294_Re;0.998344
VOLT_1295_Im;0.124049
VOLT_1295_Re;1.071979
VOLT_1296_Im;0.042394
VOLT_1296_Re;1.097030
VOLT_1297_Im;0.217387
VOLT_1297_Re;1.057190
VOLT_1298_Im;0.023890
VOLT_1298_Re;1.097197
VOLT_1299_Im;0.069703
VOLT_1299_Re;1.094690
VOLT_129_Im;0.234703
VOLT_129_Re;1.047280
VOLT_12_Im;0.006606
VOLT_12_Re;1.082077
VOLT_1300_Im;0.050364
VOLT_1300_Re;1.030989
VOLT_1301_Im;0.305593
VOLT_1301_Re;1.051610
VOLT_1302_Im;0.148410
VOLT_1302_Re;1.074543
VOLT_1303_Im;0.176844
VOLT_1303_Re;1.073062
VOLT_1304_Im;0.217208
VOLT_1304_Re;1.077667
VOLT_1305_Im;0.005480
VOLT_1305_Re;1.090358
VOLT_1306_Im;0.143618
VOLT_1306_Re;1.079993
VOLT_1307_Im;0.152725
VOLT_1307_Re;1.074098
VOLT_1308_Im;0.000491
VOLT_1308_Re;1.094346
VOLT_1309_Im;0.270614
VOLT_1309_Re;1.056560
VOLT_130_Im;0.075880
VOLT_130_Re;1.091333
VOLT_1310_Im;0.265541
VOLT_1310_Re;1.024538
VOLT_1311_Im;0.075384
VOLT_1311_Re;1.090590
VOLT_1312_Im;0.206538
VOLT_1312_Re;1.052574
VOLT_1313_Im;0.023886
VOLT_1313_Re;1.097183
VOLT_1314_Im;0.313500
VOLT_1314_Re;1.050769
VOLT_1315_Im;0.277530
VOLT_1315_Re;1.059440
VOLT_1316_Im;0.217030
VOLT_1316_Re;1.047946
VOLT_1317_Im;-0.001554
VOLT_1317_Re;1.088991
VOLT_1318_Im;0.232296
VOLT_1318_Re;1.058276
VOLT_1319_Im;0.034143
VOLT_1319_Re;1.093039
VOLT_131_Im;0.353639
VOLT_131_Re;1.034674
VOLT_1320_Im;-0.000601
VOLT_1320_Re;1.088052
VOLT_1321_Im;0.296396
VOLT_1321_Re;0.995553
VOLT_1322_Im;0.024727
VOLT_1322_Re;1.096327
VOLT_1323_Im;0.367176
VOLT_1323_Re;0.968506
VOLT_1324_Im;0.066984
VOLT_1324_Re;1.070268
VOLT_1325_Im;0.306152
VOLT_1325_Re;0.992955
VOLT_1326_Im;0.270804
VOLT_1326_Re;1.052659
VOLT_1327_Im;0.050399
VOLT_1327_Re;1.065728
VOLT_1328_Im;0.149009
VOLT_1328_Re;1.074549
VOLT_1329_Im;0.296396
VOLT_1329_Re;0.995555
VOLT_132_Im;0.243599
VOLT_132_Re;1.039458
VOLT_1330_Im;0.238818
VOLT_1330_Re;1.073608
VOLT_1331_Im;0.068227
VOLT_1331_Re;1.095988
VOLT_1332_Im;0.282567
VOLT_1332_Re;1.006746
VOLT_1333_Im;-0.168002
VOLT_1333_Re;1.080267
VOLT_1334_Im;0.026474
VOLT_1334_Re;1.099299
VOLT_1335_Im;-0.006671
VOLT_1335_Re;1.098529
VOLT_1336_Im;0.258701
VOLT_1336_Re;1.065904
VOLT_1337_Im;0.212866
VOLT_1337_Re;1.060802
VOLT_1338_Im;0.066218
VOLT_1338_Re;1.074351
VOLT_1339_Im;0.193853
VOLT_1339_Re;1.062215
VOLT_133_Im;0.398666
VOLT_133_Re;1.008749
VOLT_1340_Im;0.079150
VOLT_1340_Re;1.055432
VOLT_1341_Im;0.055646
VOLT_1341_Re;1.092106
VOLT_1342_Im;-0.095367
VOLT_1342_Re;1.072827
VOLT_1343_Im;0.238818
VOLT_1343_Re;1.073608
VOLT_1344_Im;0.335148
VOLT_1344_Re;1.044577
VOLT_1345_Im;0.267326
VOLT_1345_Re;1.060188
VOLT_1346_Im;0.278710
VOLT_1346_Re;1.059855
VOLT_1347_Im;0.010155
VOLT_1347_Re;1.098314
VOLT_1348_Im;-0.013652
VOLT_1348_Re;1.089062
VOLT_1349_Im;0.234864
VOLT_1349_Re;1.032792
VOLT_134_Im;0.008118
VOLT_134_Re;1.097550
VOLT_1350_Im;0.299207
VOLT_1350_Re;1.029470
VOLT_1351_Im;0.192024
VOLT_1351_Re;1.046214
VOLT_1352_Im;0.210012
VOLT_1352_Re;1.062656
VOLT_1353_Im;0.100680
VOLT_1353_Re;1.084348
VOLT_1354_Im;0.178629
VOLT_1354_Re;1.075551
VOLT_135_Im;-0.105933
VOLT_135_Re;1.092800
VOLT_136_Im;0.074036
VOLT_136_Re;1.095791
VOLT_137_Im;0.247660
VOLT_137_Re;1.070892
VOLT_138_Im;0.263788
VOLT_138_Re;1.064844
VOLT_139_Im;-0.039009
VOLT_139_Re;1.071586
VOLT_13_Im;0.188457
VOLT_13_Re;1.080403
VOLT_140_Im;0.103995
VOLT_140_Re;1.026600
VOLT_141_Im;0.001271
VOLT_141_Re;1.089022
VOLT_142_Im;-0.082137
VOLT_142_Re;1.087359
VOLT_143_Im;0.107162
VOLT_143_Re;1.078174
VOLT_144_Im;0.258793
VOLT_144_Re;1.053908
VOLT_145_Im;0.309458
VOLT_145_Re;1.031898
VOLT_146_Im;0.247213
VOLT_146_Re;1.071836
VOLT_147_Im;0.139476
VOLT_147_Re;1.068715
VOLT_148_Im;0.288464
VOLT_148_Re;1.061503
VOLT_149_Im;0.267340
VOLT_149_Re;1.043626
VOLT_14_Im;0.195496
VOLT_14_Re;1.057250
VOLT_150_Im;0.226692
VOLT_150_Re;1.069063
VOLT_151_Im;0.037549
VOLT_151_Re;1.063890
VOLT_152_Im;0.287166
VOLT_152_Re;1.043185
VOLT_153_Im;0.330779
VOLT_153_Re;1.046829
VOLT_154_Im;0.308579
VOLT_154_Re;1.049929
VOLT_155_Im;0.158709
VOLT_155_Re;1.071139
VOLT_156_Im;0.192238
VOLT_156_Re;1.048323
VOLT_157_Im;-0.040972
VOLT_157_Re;1.083848
VOLT_158_Im;0.178926
VOLT_158_Re;1.043654
VOLT_159_Im;0.023362
VOLT_159_Re;1.057919
VOLT_15_Im;0.086180
VOLT_15_Re;1.080566
VOLT_160_Im;0.111503
VOLT_160_Re;1.087961
VOLT_161_Im;0.020526
VOLT_161_Re;1.098913
VOLT_162_Im;0.237198
VOLT_162_Re;1.042132
VOLT_163_Im;0.066826
VOLT_163_Re;1.096156
VOLT_164_Im;0.244743
VOLT_164_Re;1.051717
VOLT_165_Im;0.032573
VOLT_165_Re;1.098283
VOLT_166_Im;-0.149624
VOLT_166_Re;1.066850
VOLT_167_Im;-0.027050
VOLT_167_Re;1.086522
VOLT_168_Im;0.280004
VOLT_168_Re;1.006067
VOLT_169_Im;-0.092817
VOLT_169_Re;1.087274
VOLT_16_Im;0.217080
VOLT_16_Re;1.057092
VOLT_170_Im;0.250443
VOLT_170_Re;1.047966
VOLT_171_Im;0.219165
VOLT_171_Re;1.074255
VOLT_172_Im;0.188969
VOLT_172_Re;1.062738
VOLT_173_Im;0.186880
VOLT_173_Re;1.027876
VOLT_174_Im;0.056526
VOLT_174_Re;1.095080
VOLT_175_Im;0.179240
VOLT_175_Re;1.070198
VOLT_176_Im;0.032158
VOLT_176_Re;1.098242
VOLT_177_Im;0.137636
VOLT_177_Re;1.063856
VOLT_178_Im;0.344340
VOLT_178_Re;1.054284
VOLT_179_Im;0.198478
VOLT_179_Re;1.074935
VOLT_17_Im;0.412720
VOLT_17_Re;1.019033
VOLT_180_Im;0.200737
VOLT_180_Re;1.046829
VOLT_181_Im;0.286219
VOLT_181_Re;1.043125
VOLT_182_Im;0.040526
VOLT_182_Re;1.098166
VOLT_183_Im;-0.380526
VOLT_183_Re;1.024694
VOLT_184_Im;0.088967
VOLT_184_Re;1.082188
VOLT_185_Im;0.272203
VOLT_185_Re;1.060325
VOLT_186_Im;-0.018388
VOLT_186_Re;1.072870
VOLT_187_Im;0.102265
VOLT_187_Re;1.084872
VOLT_188_Im;0.108901
VOLT_188_Re;1.046291
VOLT_189_Im;-0.129743
VOLT_189_Re;1.086213
VOLT_18_Im;0.089955
VOLT_18_Re;1.064685
VOLT_190_Im;0.138967
VOLT_190_Re;1.065886
VOLT_191_Im;0.158692
VOLT_191_Re;1.070495
VOLT_192_Im;0.188576
VOLT_192_Re;1.033660
VOLT_193_Im;0.229192
VOLT_193_Re;1.069303
VOLT_194_Im;0.296297
VOLT_194_Re;1.037695
VOLT_195_Im;0.180907
VOLT_195_Re;1.073258
VOLT_196_Im;0.008720
VOLT_196_Re;1.080200
VOLT_197_Im;-0.040750
VOLT_197_Re;1.083753
VOLT_198_Im;0.245079
VOLT_198_Re;1.072300
VOLT_199_Im;0.076359
VOLT_199_Re;1.068894
VOLT_19_Im;0.257420
VOLT_19_Re;1.054108
VOLT_1_Im;0.064655
VOLT_1_Re;1.067480
VOLT_200_Im;0.154002
VOLT_200_Re;1.079401
VOLT_201_Im;-0.029958
VOLT_201_Re;1.074310
VOLT_202_Im;0.243576
VOLT_202_Re;1.060913
VOLT_203_Im;0.116579
VOLT_203_Re;1.087757
VOLT_204_Im;0.010470
VOLT_204_Re;1.072874
VOLT_205_Im;0.238827
VOLT_205_Re;1.073634
VOLT_206_Im;0.151007
VOLT_206_Re;1.089586
VOLT_207_Im;0.070830
VOLT_207_Re;1.088855
VOLT_208_Im;0.116571
VOLT_208_Re;1.087780
VOLT_209_Im;0.142397
VOLT_209_Re;1.028818
VOLT_20_Im;0.202953
VOLT_20_Re;1.067971
VOLT_210_Im;0.154303
VOLT_210_Re;1.073752
VOLT_211_Im;0.041632
VOLT_211_Re;1.087005
VOLT_212_Im;0.018555
VOLT_212_Re;1.096179
VOLT_213_Im;0.216374
VOLT_213_Re;1.050542
VOLT_214_Im;0.020021
VOLT_214_Re;1.050211
VOLT_215_Im;0.102514
VOLT_215_Re;1.059110
VOLT_216_Im;0.147743
VOLT_216_Re;1.074930
VOLT_217_Im;0.172162
VOLT_217_Re;1.066643
VOLT_218_Im;0.204939
VOLT_218_Re;1.076786
VOLT_219_Im;0.268377
VOLT_219_Re;1.066758
VOLT_21_Im;0.331985
VOLT_21_Re;1.048293
VOLT_220_Im;0.020221
VOLT_220_Re;1.089481
VOLT_221_Im;0.160519
VOLT_221_Re;1.068854
VOLT_222_Im;0.067916
VOLT_222_Re;1.095183
VOLT_223_Im;0.172339
VOLT_223_Re;1.064530
VOLT_224_Im;0.090313
VOLT_224_Re;1.064890
VOLT_225_Im;0.273092
VOLT_225_Re;1.065432
VOLT_226_Im;-0.004385
VOLT_226_Re;1.093520
VOLT_227_Im;-0.002145
VOLT_227_Re;1.083936
VOLT_228_Im;0.007832
VOLT_228_Re;1.097261
VOLT_229_Im;0.133968
VOLT_229_Re;1.070819
VOLT_22_Im;0.198477
VOLT_22_Re;1.074768
VOLT_230_Im;0.219237
VOLT_230_Re;1.073049
VOLT_231_Im;0.280897
VOLT_231_Re;1.048355
VOLT_232_Im;-0.053206
VOLT_232_Re;1.067101
VOLT_233_Im;0.238059
VOLT_233_Re;1.069071
VOLT_234_Im;0.066311
VOLT_234_Re;1.097036
VOLT_235_Im;0.280651
VOLT_235_Re;1.033808
VOLT_236_Im;0.091050
VOLT_236_Re;1.096225
VOLT_237_Im;0.011653
VOLT_237_Re;1.086699
VOLT_238_Im;0.151485
VOLT_238_Re;1.064937
VOLT_239_Im;0.327124
VOLT_239_Re;1.011845
VOLT_23_Im;0.036477
VOLT_23_Re;1.088336
VOLT_240_Im;-0.004968
VOLT_240_Re;1.093570
VOLT_241_Im;0.411278
VOLT_241_Re;1.002142
VOLT_242_Im;0.064294
VOLT_242_Re;1.098119
VOLT_243_Im;0.272746
VOLT_243_Re;1.065631
VOLT_244_Im;0.361208
VOLT_244_Re;1.027732
VOLT_245_Im;0.161140
VOLT_245_Re;1.071329
VOLT_246_Im;0.125064
VOLT_246_Re;1.078116
VOLT_247_Im;0.213735
VOLT_247_Re;1.061000
VOLT_248_Im;0.160654
VOLT_248_Re;1.043010
VOLT_249_Im;-0.152068
VOLT_249_Re;1.085245
VOLT_24_Im;-0.017593
VOLT_24_Re;1.090943
VOLT_250_Im;0.331215
VOLT_250_Re;1.048343
VOLT_251_Im;0.175971
VOLT_251_Re;1.025029
VOLT_252_Im;-0.068784
VOLT_252_Re;1.053728
VOLT_253_Im;0.026474
VOLT_253_Re;1.099299
VOLT_254_Im;0.073119
VOLT_254_Re;1.094164
VOLT_255_Im;0.187589
VOLT_255_Re;1.041447
VOLT_256_Im;0.339940
VOLT_256_Re;1.021280
VOLT_257_Im;-0.052934
VOLT_257_Re;1.056749
VOLT_258_Im;-0.307162
VOLT_258_Re;1.032394
VOLT_259_Im;0.189779
VOLT_259_Re;1.072347
VOLT_25_Im;0.147734
VOLT_25_Re;1.074950
VOLT_260_Im;0.000140
VOLT_260_Re;1.098901
VOLT_261_Im;0.427554
VOLT_261_Re;1.010368
VOLT_262_Im;0.231752
VOLT_262_Re;0.990451
VOLT_263_Im;0.040526
VOLT_263_Re;1.098166
VOLT_264_Im;0.323414
VOLT_264_Re;1.048435
VOLT_265_Im;0.210844
VOLT_265_Re;1.056411
VOLT_266_Im;0.244190
VOLT_266_Re;1.049071
VOLT_267_Im;0.048119
VOLT_267_Re;1.085076
VOLT_268_Im;0.050858
VOLT_268_Re;1.086783
VOLT_269_Im;0.272760
VOLT_269_Re;1.065646
VOLT_26_Im;0.105365
VOLT_26_Re;1.061699
VOLT_270_Im;0.238850
VOLT_270_Re;1.073638
VOLT_271_Im;0.024730
VOLT_271_Re;1.091417
VOLT_272_Im;0.255560
VOLT_272_Re;1.059261
VOLT_273_Im;0.042619
VOLT_273_Re;1.099174
VOLT_274_Im;-0.006070
VOLT_274_Re;1.068164
VOLT_275_Im;0.179836
VOLT_275_Re;1.084515
VOLT_276_Im;0.195521
VOLT_276_Re;1.057320
VOLT_277_Im;0.131594
VOLT_277_Re;1.071321
VOLT_278_Im;0.274824
VOLT_278_Re;1.055731
VOLT_279_Im;0.437397
VOLT_279_Re;1.008122
VOLT_27_Im;0.337132
VOLT_27_Re;1.043949
VOLT_280_Im;0.251511
VOLT_280_Re;1.023986
VOLT_281_Im;0.300866
VOLT_281_Re;1.058053
VOLT_282_Im;0.151857
VOLT_282_Re;1.084876
VOLT_283_Im;0.008430
VOLT_283_Re;1.099095
VOLT_284_Im;0.204034
VOLT_284_Re;1.028177
VOLT_285_Im;0.135854
VOLT_285_Re;1.073181
VOLT_286_Im;0.288097
VOLT_286_Re;1.060174
VOLT_287_Im;-0.373311
VOLT_287_Re;1.028058
VOLT_288_Im;-0.040493
VOLT_288_Re;1.083844
VOLT_289_Im;-0.105933
VOLT_289_Re;1.092802
VOLT_28_Im;-0.040862
VOLT_28_Re;1.083917
VOLT_290_Im;0.053223
VOLT_290_Re;1.094246
VOLT_291_Im;0.056697
VOLT_291_Re;1.092417
VOLT_292_Im;0.082082
VOLT_292_Re;1.095139
VOLT_293_Im;0.059316
VOLT_293_Re;1.097287
VOLT_294_Im;0.026474
VOLT_294_Re;1.099299
VOLT_295_Im;0.011291
VOLT_295_Re;1.099165
VOLT_296_Im;0.340209
VOLT_296_Re;1.012540
VOLT_297_Im;0.239555
VOLT_297_Re;1.058702
VOLT_298_Im;0.116560
VOLT_298_Re;1.087745
VOLT_299_Im;0.236650
VOLT_299_Re;1.068325
VOLT_29_Im;0.086065
VOLT_29_Re;1.060467
VOLT_2_Im;0.214959
VOLT_2_Re;1.051360
VOLT_300_Im;0.356574
VOLT_300_Re;1.014074
VOLT_301_Im;0.197393
VOLT_301_Re;1.056806
VOLT_302_Im;-0.168876
VOLT_302_Re;1.079897
VOLT_303_Im;0.177703
VOLT_303_Re;1.068353
VOLT_304_Im;0.195533
VOLT_304_Re;1.061540
VOLT_305_Im;0.189367
VOLT_305_Re;1.075198
VOLT_306_Im;0.112478
VOLT_306_Re;1.088059
VOLT_307_Im;0.367722
VOLT_307_Re;0.968567
VOLT_308_Im;0.185299
VOLT_308_Re;1.079561
VOLT_309_Im;-0.002930
VOLT_309_Re;1.094359
VOLT_30_Im;0.116869
VOLT_30_Re;1.062638
VOLT_310_Im;0.242806
VOLT_310_Re;1.028797
VOLT_311_Im;0.291386
VOLT_311_Re;1.040051
VOLT_312_Im;0.023999
VOLT_312_Re;1.097228
VOLT_313_Im;0.270115
VOLT_313_Re;1.035047
VOLT_314_Im;0.133311
VOLT_314_Re;1.080354
VOLT_315_Im;0.268296
VOLT_315_Re;1.061887
VOLT_316_Im;0.239745
VOLT_316_Re;1.058766
VOLT_317_Im;0.009566
VOLT_317_Re;1.087128
VOLT_318_Im;0.172296
VOLT_318_Re;1.073114
VOLT_319_Im;0.201591
VOLT_319_Re;1.046261
VOLT_31_Im;0.000012
VOLT_31_Re;1.087746
VOLT_320_Im;-0.064614
VOLT_320_Re;1.098071
VOLT_321_Im;0.130916
VOLT_321_Re;1.040889
VOLT_322_Im;0.295849
VOLT_322_Re;1.056931
VOLT_323_Im;0.315898
VOLT_323_Re;1.032503
VOLT_324_Im;0.147164
VOLT_324_Re;1.071535
VOLT_325_Im;0.192502
VOLT_325_Re;1.083025
VOLT_326_Im;0.048102
VOLT_326_Re;1.085226
VOLT_327_Im;0.314908
VOLT_327_Re;1.050951
VOLT_328_Im;0.114944
VOLT_328_Re;1.066597
VOLT_329_Im;-0.324634
VOLT_329_Re;1.045437
VOLT_32_Im;0.283978
VOLT_32_Re;1.006886
VOLT_330_Im;-0.041206
VOLT_330_Re;1.083439
VOLT_331_Im;0.079438
VOLT_331_Re;1.096716
VOLT_332_Im;0.201539
VOLT_332_Re;1.050253
VOLT_333_Im;0.248794
VOLT_333_Re;1.054382
VOLT_334_Im;0.240574
VOLT_334_Re;1.065317
VOLT_335_Im;0.133492
VOLT_335_Re;1.079890
VOLT_336_Im;0.030334
VOLT_336_Re;1.078144
VOLT_337_Im;0.009606
VOLT_337_Re;1.086139
VOLT_338_Im;0.080563
VOLT_338_Re;1.093191
VOLT_339_Im;0.216222
VOLT_339_Re;1.075807
VOLT_33_Im;0.165870
VOLT_33_Re;1.075976
VOLT_340_Im;0.008201
VOLT_340_Re;1.097569
VOLT_341_Im;0.126920
VOLT_341_Re;1.049989
VOLT_342_Im;-0.038466
VOLT_342_Re;1.065169
VOLT_343_Im;0.130191
VOLT_343_Re;1.070135
VOLT_344_Im;0.020332
VOLT_344_Re;1.084438
VOLT_345_Im;0.270478
VOLT_345_Re;1.040478
VOLT_346_Im;0.034770
VOLT_346_Re;1.090156
VOLT_347_Im;-0.141954
VOLT_347_Re;1.087631
VOLT_348_Im;0.091710
VOLT_348_Re;1.043940
VOLT_349_Im;0.109382
VOLT_349_Re;1.024351
VOLT_34_Im;0.281095
VOLT_34_Re;1.002155
VOLT_350_Im;0.143099
VOLT_350_Re;1.076802
VOLT_351_Im;0.403158
VOLT_351_Re;1.022555
VOLT_352_Im;0.020526
VOLT_352_Re;1.098913
VOLT_353_Im;0.042426
VOLT_353_Re;1.097052
VOLT_354_Im;0.033885
VOLT_354_Re;1.095010
VOLT_355_Im;0.252094
VOLT_355_Re;1.065163
VOLT_356_Im;0.216592
VOLT_356_Re;1.078201
VOLT_357_Im;0.184072
VOLT_357_Re;1.074186
VOLT_358_Im;-0.067129
VOLT_358_Re;1.053963
VOLT_359_Im;0.080563
VOLT_359_Re;1.093191
VOLT_35_Im;0.078922
VOLT_35_Re;1.078084
VOLT_360_Im;0.486464
VOLT_360_Re;0.929346
VOLT_361_Im;-0.000420
VOLT_361_Re;1.088199
VOLT_362_Im;0.171049
VOLT_362_Re;1.025428
VOLT_363_Im;0.128077
VOLT_363_Re;1.048731
VOLT_364_Im;0.296167
VOLT_364_Re;1.056690
VOLT_365_Im;0.247320
VOLT_365_Re;1.071836
VOLT_366_Im;0.335014
VOLT_366_Re;1.014520
VOLT_367_Im;0.132299
VOLT_367_Re;1.082642
VOLT_368_Im;0.314908
VOLT_368_Re;1.050951
VOLT_369_Im;0.041154
VOLT_369_Re;1.066439
VOLT_36_Im;0.271412
VOLT_36_Re;1.058738
VOLT_370_Im;0.234485
VOLT_370_Re;1.059518
VOLT_371_Im;0.186370
VOLT_371_Re;1.029467
VOLT_372_Im;0.128291
VOLT_372_Re;1.051648
VOLT_373_Im;0.254872
VOLT_373_Re;1.052851
VOLT_374_Im;0.268737
VOLT_374_Re;1.054243
VOLT_375_Im;0.301172
VOLT_375_Re;1.057950
VOLT_376_Im;0.083850
VOLT_376_Re;1.072173
VOLT_377_Im;0.261816
VOLT_377_Re;1.060995
VOLT_378_Im;0.281545
VOLT_378_Re;1.006356
VOLT_379_Im;0.104109
VOLT_379_Re;1.074950
VOLT_37_Im;0.139476
VOLT_37_Re;1.068713
VOLT_380_Im;0.228281
VOLT_380_Re;1.054297
VOLT_381_Im;0.128004
VOLT_381_Re;1.083761
VOLT_382_Im;0.218184
VOLT_382_Re;1.078144
VOLT_383_Im;0.429103
VOLT_383_Re;0.947282
VOLT_384_Im;0.019350
VOLT_384_Re;1.095978
VOLT_385_Im;0.148499
VOLT_385_Re;1.065169
VOLT_386_Im;-0.013652
VOLT_386_Re;1.089066
VOLT_387_Im;0.024950
VOLT_387_Re;1.097720
VOLT_388_Im;0.080330
VOLT_388_Re;1.069868
VOLT_389_Im;0.052693
VOLT_389_Re;1.073100
VOLT_38_Im;0.136585
VOLT_38_Re;1.091278
VOLT_390_Im;0.198885
VOLT_390_Re;1.069850
VOLT_391_Im;0.262617
VOLT_391_Re;1.052342
VOLT_392_Im;0.059278
VOLT_392_Re;1.093139
VOLT_393_Im;-0.000102
VOLT_393_Re;1.094182
VOLT_394_Im;0.185920
VOLT_394_Re;1.084092
VOLT_395_Im;-0.027170
VOLT_395_Re;1.023942
VOLT_396_Im;0.238038
VOLT_396_Re;1.037482
VOLT_397_Im;-0.156872
VOLT_397_Re;1.081511
VOLT_398_Im;0.069401
VOLT_398_Re;1.088265
VOLT_399_Im;0.186235
VOLT_399_Re;1.075685
VOLT_39_Im;-0.084130
VOLT_39_Re;1.086592
VOLT_3_Im;0.006117
VOLT_3_Re;1.086279
VOLT_400_Im;0.175228
VOLT_400_Re;1.075004
VOLT_401_Im;0.272765
VOLT_401_Re;1.065645
VOLT_402_Im;0.484473
VOLT_402_Re;0.987264
VOLT_403_Im;0.112477
VOLT_403_Re;1.088064
VOLT_404_Im;-0.081825
VOLT_404_Re;1.091669
VOLT_405_Im;0.306711
VOLT_405_Re;1.050220
VOLT_406_Im;0.248204
VOLT_406_Re;1.070891
VOLT_407_Im;0.001583
VOLT_407_Re;1.089153
VOLT_408_Im;0.319881
VOLT_408_Re;1.049051
VOLT_409_Im;0.025230
VOLT_409_Re;1.097668
VOLT_40_Im;0.087092
VOLT_40_Re;1.079484
VOLT_410_Im;0.421613
VOLT_410_Re;1.011560
VOLT_411_Im;-0.049912
VOLT_411_Re;1.098866
VOLT_412_Im;0.237981
VOLT_412_Re;1.069105
VOLT_413_Im;0.273814
VOLT_413_Re;1.063027
VOLT_414_Im;0.212265
VOLT_414_Re;1.013799
VOLT_415_Im;0.090964
VOLT_415_Re;1.082424
VOLT_416_Im;0.267785
VOLT_416_Re;1.048955
VOLT_417_Im;0.255206
VOLT_417_Re;1.059147
VOLT_418_Im;0.221181
VOLT_418_Re;1.064337
VOLT_419_Im;0.207463
VOLT_419_Re;1.070451
VOLT_41_Im;0.093775
VOLT_41_Re;1.041653
VOLT_420_Im;0.127367
VOLT_420_Re;1.085720
VOLT_421_Im;0.195547
VOLT_421_Re;1.076894
VOLT_422_Im;0.185661
VOLT_422_Re;1.071430
VOLT_423_Im;0.044965
VOLT_423_Re;1.066989
VOLT_424_Im;0.330779
VOLT_424_Re;1.046829
VOLT_425_Im;0.023863
VOLT_425_Re;1.097121
VOLT_426_Im;0.090478
VOLT_426_Re;1.096272
VOLT_427_Im;0.282873
VOLT_427_Re;1.050846
VOLT_428_Im;-0.029152
VOLT_428_Re;1.044005
VOLT_429_Im;0.104679
VOLT_429_Re;1.028622
VOLT_42_Im;-0.246088
VOLT_42_Re;1.010331
VOLT_430_Im;-0.109808
VOLT_430_Re;1.094180
VOLT_431_Im;-0.041214
VOLT_431_Re;1.083856
VOLT_432_Im;0.239263
VOLT_432_Re;1.073619
VOLT_433_Im;-0.066215
VOLT_433_Re;1.066647
VOLT_434_Im;0.303180
VOLT_434_Re;1.057392
VOLT_435_Im;0.228156
VOLT_435_Re;1.021405
VOLT_436_Im;0.126112
VOLT_436_Re;1.050504
VOLT_437_Im;0.263270
VOLT_437_Re;1.063328
VOLT_438_Im;0.003487
VOLT_438_Re;1.089670
VOLT_439_Im;0.143618
VOLT_439_Re;1.079993
VOLT_43_Im;0.296452
VOLT_43_Re;1.056675
VOLT_440_Im;0.266013
VOLT_440_Re;1.060044
VOLT_441_Im;0.143230
VOLT_441_Re;1.073562
VOLT_442_Im;0.353639
VOLT_442_Re;1.034675
VOLT_443_Im;0.151007
VOLT_443_Re;1.089586
VOLT_444_Im;0.348621
VOLT_444_Re;1.043294
VOLT_445_Im;0.273759
VOLT_445_Re;1.059821
VOLT_446_Im;0.258553
VOLT_446_Re;1.065896
VOLT_447_Im;0.247565
VOLT_447_Re;1.071779
VOLT_448_Im;0.028744
VOLT_448_Re;1.097598
VOLT_449_Im;0.144509
VOLT_449_Re;1.072560
VOLT_44_Im;0.055334
VOLT_44_Re;1.093879
VOLT_450_Im;0.199310
VOLT_450_Re;1.059174
VOLT_451_Im;0.336884
VOLT_451_Re;1.013108
VOLT_452_Im;0.007464
VOLT_452_Re;1.097208
VOLT_453_Im;0.193592
VOLT_453_Re;1.047046
VOLT_454_Im;0.035740
VOLT_454_Re;1.090293
VOLT_455_Im;0.066234
VOLT_455_Re;1.080354
VOLT_456_Im;0.172477
VOLT_456_Re;1.066795
VOLT_457_Im;0.044966
VOLT_457_Re;1.066982
VOLT_458_Im;0.292587
VOLT_458_Re;1.060311
VOLT_459_Im;-0.156494
VOLT_459_Re;1.082299
VOLT_45_Im;0.022117
VOLT_45_Re;1.092950
VOLT_460_Im;0.128552
VOLT_460_Re;1.062862
VOLT_461_Im;0.163677
VOLT_461_Re;1.038644
VOLT_462_Im;0.016451
VOLT_462_Re;1.092449
VOLT_463_Im;0.015403
VOLT_463_Re;1.091329
VOLT_464_Im;0.360543
VOLT_464_Re;1.028112
VOLT_465_Im;0.207850
VOLT_465_Re;1.071164
VOLT_466_Im;0.218966
VOLT_466_Re;1.055321
VOLT_467_Im;0.102536
VOLT_467_Re;1.078944
VOLT_468_Im;0.302881
VOLT_468_Re;1.048258
VOLT_469_Im;0.228679
VOLT_469_Re;1.074018
VOLT_46_Im;0.457679
VOLT_46_Re;1.000265
VOLT_470_Im;0.020332
VOLT_470_Re;1.084438
VOLT_471_Im;-0.251636
VOLT_471_Re;0.984649
VOLT_472_Im;0.159399
VOLT_472_Re;1.065048
VOLT_473_Im;0.254846
VOLT_473_Re;1.070071
VOLT_474_Im;0.054618
VOLT_474_Re;1.093555
VOLT_475_Im;0.173820
VOLT_475_Re;1.070185
VOLT_476_Im;0.133201
VOLT_476_Re;1.070916
VOLT_477_Im;0.024164
VOLT_477_Re;1.097416
VOLT_478_Im;0.214536
VOLT_478_Re;1.045218
VOLT_479_Im;0.332576
VOLT_479_Re;1.024025
VOLT_47_Im;0.008166
VOLT_47_Re;1.092036
VOLT_480_Im;0.255369
VOLT_480_Re;1.059271
VOLT_481_Im;0.180369
VOLT_481_Re;1.076476
VOLT_482_Im;0.102538
VOLT_482_Re;1.058939
VOLT_483_Im;0.280757
VOLT_483_Re;1.052279
VOLT_484_Im;0.331201
VOLT_484_Re;1.046759
VOLT_485_Im;0.080170
VOLT_485_Re;1.080702
VOLT_486_Im;0.103995
VOLT_486_Re;1.026613
VOLT_487_Im;0.408916
VOLT_487_Re;1.021169
VOLT_488_Im;0.182583
VOLT_488_Re;1.082282
VOLT_489_Im;0.040526
VOLT_489_Re;1.098166
VOLT_48_Im;0.218966
VOLT_48_Re;1.072866
VOLT_490_Im;0.268481
VOLT_490_Re;1.061617
VOLT_491_Im;0.148718
VOLT_491_Re;1.070936
VOLT_492_Im;0.406371
VOLT_492_Re;1.022185
VOLT_493_Im;0.171974
VOLT_493_Re;1.066276
VOLT_494_Im;0.058197
VOLT_494_Re;1.092971
VOLT_495_Im;0.178677
VOLT_495_Re;1.067307
VOLT_496_Im;0.215477
VOLT_496_Re;1.045478
VOLT_497_Im;0.140320
VOLT_497_Re;1.070766
VOLT_498_Im;0.194293
VOLT_498_Re;1.038755
VOLT_499_Im;0.319037
VOLT_499_Re;1.048455
VOLT_49_Im;0.147468
VOLT_49_Re;1.074489
VOLT_4_Im;0.041027
VOLT_4_Re;1.090337
VOLT_500_Im;0.247660
VOLT_500_Re;1.070892
VOLT_501_Im;0.205220
VOLT_501_Re;1.050200
VOLT_502_Im;0.148429
VOLT_502_Re;1.074544
VOLT_503_Im;0.065231
VOLT_503_Re;1.075265
VOLT_504_Im;0.009055
VOLT_504_Re;1.097920
VOLT_505_Im;0.209363
VOLT_505_Re;1.077403
VOLT_506_Im;0.360543
VOLT_506_Re;1.028112
VOLT_507_Im;0.285456
VOLT_507_Re;1.060725
VOLT_508_Im;0.204419
VOLT_508_Re;1.068687
VOLT_509_Im;0.000837
VOLT_509_Re;1.094543
VOLT_50_Im;-0.013885
VOLT_50_Re;1.085731
VOLT_510_Im;0.164630
VOLT_510_Re;1.073940
VOLT_511_Im;0.226709
VOLT_511_Re;1.002442
VOLT_512_Im;0.078165
VOLT_512_Re;1.093154
VOLT_513_Im;0.072533
VOLT_513_Re;1.080960
VOLT_514_Im;0.363128
VOLT_514_Re;1.009888
VOLT_515_Im;0.128560
VOLT_515_Re;1.035236
VOLT_516_Im;0.058246
VOLT_516_Re;1.088284
VOLT_517_Im;0.127810
VOLT_517_Re;1.070091
VOLT_518_Im;0.227679
VOLT_518_Re;1.068585
VOLT_519_Im;0.051716
VOLT_519_Re;1.089327
VOLT_51_Im;0.192499
VOLT_51_Re;1.048343
VOLT_520_Im;0.195868
VOLT_520_Re;1.069339
VOLT_521_Im;0.323904
VOLT_521_Re;1.027656
VOLT_522_Im;0.206107
VOLT_522_Re;1.052513
VOLT_523_Im;0.243576
VOLT_523_Re;1.060899
VOLT_524_Im;0.308779
VOLT_524_Re;1.032065
VOLT_525_Im;0.052445
VOLT_525_Re;1.072674
VOLT_526_Im;0.240031
VOLT_526_Re;1.058561
VOLT_527_Im;0.268231
VOLT_527_Re;1.066222
VOLT_528_Im;0.003140
VOLT_528_Re;1.083532
VOLT_529_Im;0.011260
VOLT_529_Re;1.086676
VOLT_52_Im;0.239857
VOLT_52_Re;1.065121
VOLT_530_Im;0.113460
VOLT_530_Re;1.029389
VOLT_531_Im;0.266183
VOLT_531_Re;1.061146
VOLT_532_Im;-0.163489
VOLT_532_Re;1.080272
VOLT_533_Im;0.331117
VOLT_533_Re;1.048337
VOLT_534_Im;-0.050175
VOLT_534_Re;1.098854
VOLT_535_Im;0.322397
VOLT_535_Re;1.025295
VOLT_536_Im;-0.202174
VOLT_536_Re;1.077581
VOLT_537_Im;-0.102767
VOLT_537_Re;1.095189
VOLT_538_Im;0.236711
VOLT_538_Re;1.068484
VOLT_539_Im;0.074378
VOLT_539_Re;1.084718
VOLT_53_Im;0.139821
VOLT_53_Re;1.069884
VOLT_540_Im;0.054248
VOLT_540_Re;1.093697
VOLT_541_Im;0.104546
VOLT_541_Re;1.086090
VOLT_542_Im;-0.227139
VOLT_542_Re;1.010929
VOLT_543_Im;0.272741
VOLT_543_Re;1.065646
VOLT_544_Im;0.044955
VOLT_544_Re;1.085515
VOLT_545_Im;0.125277
VOLT_545_Re;1.082823
VOLT_546_Im;-0.007569
VOLT_546_Re;1.050958
VOLT_547_Im;0.105396
VOLT_547_Re;1.077441
VOLT_548_Im;-0.110192
VOLT_548_Re;1.093852
VOLT_549_Im;-0.082541
VOLT_549_Re;1.079370
VOLT_54_Im;0.357295
VOLT_54_Re;1.018850
VOLT_550_Im;-0.042267
VOLT_550_Re;1.083408
VOLT_551_Im;0.207708
VOLT_551_Re;1.071725
VOLT_552_Im;-0.036587
VOLT_552_Re;1.085172
VOLT_553_Im;0.397301
VOLT_553_Re;1.012161
VOLT_554_Im;0.040668
VOLT_554_Re;1.090289
VOLT_555_Im;0.126693
VOLT_555_Re;1.065210
VOLT_556_Im;0.128875
VOLT_556_Re;1.085877
VOLT_557_Im;0.185858
VOLT_557_Re;1.084058
VOLT_558_Im;0.128594
VOLT_558_Re;1.061916
VOLT_559_Im;0.004980
VOLT_559_Re;1.090220
VOLT_55_Im;0.138770
VOLT_55_Re;1.068797
VOLT_560_Im;0.010155
VOLT_560_Re;1.098314
VOLT_561_Im;0.121454
VOLT_561_Re;1.071845
VOLT_562_Im;0.006210
VOLT_562_Re;1.096191
VOLT_563_Im;0.267955
VOLT_563_Re;1.053818
VOLT_564_Im;0.055567
VOLT_564_Re;1.093112
VOLT_565_Im;0.340452
VOLT_565_Re;1.012526
VOLT_566_Im;0.187114
VOLT_566_Re;1.073142
VOLT_567_Im;0.114987
VOLT_567_Re;1.065580
VOLT_568_Im;0.064931
VOLT_568_Re;1.073420
VOLT_569_Im;0.069247
VOLT_569_Re;1.088149
VOLT_56_Im;0.217960
VOLT_56_Re;1.013068
VOLT_570_Im;0.030652
VOLT_570_Re;1.054798
VOLT_571_Im;0.016492
VOLT_571_Re;1.092155
VOLT_572_Im;0.128546
VOLT_572_Re;1.057866
VOLT_573_Im;-0.009096
VOLT_573_Re;1.051502
VOLT_574_Im;-0.075854
VOLT_574_Re;1.097381
VOLT_575_Im;0.068013
VOLT_575_Re;1.088813
VOLT_576_Im;0.220133
VOLT_576_Re;1.077748
VOLT_577_Im;-0.003183
VOLT_577_Re;1.094143
VOLT_578_Im;0.285185
VOLT_578_Re;1.043293
VOLT_579_Im;0.168028
VOLT_579_Re;1.028160
VOLT_57_Im;0.273795
VOLT_57_Re;1.034634
VOLT_580_Im;0.036787
VOLT_580_Re;1.096086
VOLT_581_Im;-0.038112
VOLT_581_Re;1.084682
VOLT_582_Im;0.080552
VOLT_582_Re;1.097047
VOLT_583_Im;0.211916
VOLT_583_Re;1.062206
VOLT_584_Im;0.019408
VOLT_584_Re;1.090256
VOLT_585_Im;0.340152
VOLT_585_Re;1.010472
VOLT_586_Im;0.177039
VOLT_586_Re;1.075439
VOLT_587_Im;0.272751
VOLT_587_Re;1.065630
VOLT_588_Im;0.202073
VOLT_588_Re;1.061530
VOLT_589_Im;0.019612
VOLT_589_Re;1.098839
VOLT_58_Im;-0.052758
VOLT_58_Re;1.066204
VOLT_590_Im;0.211007
VOLT_590_Re;1.060405
VOLT_591_Im;0.058000
VOLT_591_Re;1.093148
VOLT_592_Im;0.132966
VOLT_592_Re;1.087747
VOLT_593_Im;0.303270
VOLT_593_Re;1.018722
VOLT_594_Im;0.281872
VOLT_594_Re;1.036815
VOLT_595_Im;0.224106
VOLT_595_Re;1.065592
VOLT_596_Im;0.260776
VOLT_596_Re;1.060662
VOLT_597_Im;0.055372
VOLT_597_Re;1.091899
VOLT_598_Im;0.247071
VOLT_598_Re;1.070510
VOLT_599_Im;0.026474
VOLT_599_Re;1.099299
VOLT_59_Im;0.024837
VOLT_59_Re;1.097663
VOLT_5_Im;0.112476
VOLT_5_Re;1.088120
VOLT_600_Im;0.030715
VOLT_600_Re;1.090573
VOLT_601_Im;0.205524
VOLT_601_Re;1.050346
VOLT_602_Im;0.219521
VOLT_602_Re;1.077267
VOLT_603_Im;0.002008
VOLT_603_Re;1.042761
VOLT_604_Im;0.311027
VOLT_604_Re;1.049466
VOLT_605_Im;0.292424
VOLT_605_Re;1.034656
VOLT_606_Im;0.147571
VOLT_606_Re;1.074792
VOLT_607_Im;0.278406
VOLT_607_Re;1.059790
VOLT_608_Im;0.140638
VOLT_608_Re;1.034951
VOLT_609_Im;-0.106571
VOLT_609_Re;1.088176
VOLT_60_Im;0.160520
VOLT_60_Re;1.068793
VOLT_610_Im;0.367468
VOLT_610_Re;0.968623
VOLT_611_Im;0.292648
VOLT_611_Re;1.034735
VOLT_612_Im;0.207222
VOLT_612_Re;1.070536
VOLT_613_Im;0.183598
VOLT_613_Re;1.035948
VOLT_614_Im;0.032155
VOLT_614_Re;1.098247
VOLT_615_Im;0.216792
VOLT_615_Re;1.044777
VOLT_616_Im;0.112477
VOLT_616_Re;1.088084
VOLT_617_Im;0.271100
VOLT_617_Re;1.052633
VOLT_618_Im;0.149060
VOLT_618_Re;1.081835
VOLT_619_Im;0.219546
VOLT_619_Re;1.077266
VOLT_61_Im;0.237734
VOLT_61_Re;1.068868
VOLT_620_Im;0.285001
VOLT_620_Re;1.060862
VOLT_621_Im;0.045516
VOLT_621_Re;1.090930
VOLT_622_Im;0.313277
VOLT_622_Re;1.050218
VOLT_623_Im;0.019612
VOLT_623_Re;1.098839
VOLT_624_Im;0.213438
VOLT_624_Re;1.062158
VOLT_625_Im;0.228682
VOLT_625_Re;1.020482
VOLT_626_Im;0.056432
VOLT_626_Re;1.092371
VOLT_627_Im;0.176525
VOLT_627_Re;1.072186
VOLT_628_Im;-0.105933
VOLT_628_Re;1.092801
VOLT_629_Im;0.124461
VOLT_629_Re;1.046157
VOLT_62_Im;0.353639
VOLT_62_Re;1.034675
VOLT_630_Im;0.330743
VOLT_630_Re;1.046692
VOLT_631_Im;0.013630
VOLT_631_Re;1.087146
VOLT_632_Im;-0.041214
VOLT_632_Re;1.083856
VOLT_633_Im;-0.003548
VOLT_633_Re;1.093965
VOLT_634_Im;0.022168
VOLT_634_Re;1.097219
VOLT_635_Im;-0.004280
VOLT_635_Re;1.082364
VOLT_636_Im;0.340173
VOLT_636_Re;1.031065
VOLT_637_Im;0.342767
VOLT_637_Re;1.044373
VOLT_638_Im;0.155747
VOLT_638_Re;1.072035
VOLT_639_Im;0.028029
VOLT_639_Re;1.093153
VOLT_63_Im;0.222984
VOLT_63_Re;1.066293
VOLT_640_Im;0.368952
VOLT_640_Re;1.015762
VOLT_641_Im;0.158295
VOLT_641_Re;1.077289
VOLT_642_Im;0.065628
VOLT_642_Re;1.098041
VOLT_643_Im;0.151522
VOLT_643_Re;1.072434
VOLT_644_Im;0.251797
VOLT_644_Re;1.065085
VOLT_645_Im;0.098812
VOLT_645_Re;1.074241
VOLT_646_Im;0.257054
VOLT_646_Re;1.053826
VOLT_647_Im;0.168479
VOLT_647_Re;1.080313
VOLT_648_Im;0.090789
VOLT_648_Re;1.040241
VOLT_649_Im;0.057993
VOLT_649_Re;1.093159
VOLT_64_Im;-0.104699
VOLT_64_Re;1.094618
VOLT_650_Im;-0.052934
VOLT_650_Re;1.056749
VOLT_651_Im;0.058337
VOLT_651_Re;1.096420
VOLT_652_Im;0.127260
VOLT_652_Re;1.087631
VOLT_653_Im;-0.125097
VOLT_653_Re;1.091714
VOLT_654_Im;0.255641
VOLT_654_Re;1.059280
VOLT_655_Im;0.143821
VOLT_655_Re;1.038613
VOLT_656_Im;0.014639
VOLT_656_Re;1.075104
VOLT_657_Im;-0.043025
VOLT_657_Re;1.082720
VOLT_658_Im;0.109739
VOLT_658_Re;1.069330
VOLT_659_Im;0.046615
VOLT_659_Re;1.080381
VOLT_65_Im;0.029833
VOLT_65_Re;1.092285
VOLT_660_Im;0.069100
VOLT_660_Re;1.094832
VOLT_661_Im;0.220133
VOLT_661_Re;1.077748
VOLT_662_Im;-0.158796
VOLT_662_Re;1.059922
VOLT_663_Im;0.066310
VOLT_663_Re;1.097036
VOLT_664_Im;0.395073
VOLT_664_Re;1.012854
VOLT_665_Im;-0.328104
VOLT_665_Re;1.044866
VOLT_666_Im;-0.041214
VOLT_666_Re;1.083856
VOLT_667_Im;0.230917
VOLT_667_Re;1.019049
VOLT_668_Im;0.346843
VOLT_668_Re;1.029594
VOLT_669_Im;0.443270
VOLT_669_Re;1.006733
VOLT_66_Im;0.211834
VOLT_66_Re;1.079410
VOLT_670_Im;0.230639
VOLT_670_Re;1.070409
VOLT_671_Im;0.148947
VOLT_671_Re;1.072028
VOLT_672_Im;-0.056917
VOLT_672_Re;1.053506
VOLT_673_Im;0.307973
VOLT_673_Re;0.982656
VOLT_674_Im;-0.246588
VOLT_674_Re;1.067005
VOLT_675_Im;0.110354
VOLT_675_Re;1.069526
VOLT_676_Im;0.247220
VOLT_676_Re;1.053244
VOLT_677_Im;-0.005692
VOLT_677_Re;1.093251
VOLT_678_Im;0.263247
VOLT_678_Re;1.059979
VOLT_679_Im;0.216792
VOLT_679_Re;1.044778
VOLT_67_Im;0.072493
VOLT_67_Re;1.081461
VOLT_680_Im;0.337132
VOLT_680_Re;1.043949
VOLT_681_Im;0.205345
VOLT_681_Re;1.075498
VOLT_682_Im;0.224120
VOLT_682_Re;1.045953
VOLT_683_Im;0.137775
VOLT_683_Re;1.091338
VOLT_684_Im;0.243575
VOLT_684_Re;1.060912
VOLT_685_Im;0.237974
VOLT_685_Re;1.046004
VOLT_686_Im;0.252619
VOLT_686_Re;1.063229
VOLT_687_Im;0.129984
VOLT_687_Re;1.063463
VOLT_688_Im;0.034846
VOLT_688_Re;1.099448
VOLT_689_Im;0.156089
VOLT_689_Re;1.076542
VOLT_68_Im;0.028775
VOLT_68_Re;1.097699
VOLT_690_Im;0.231434
VOLT_690_Re;1.005228
VOLT_691_Im;0.262453
VOLT_691_Re;1.047616
VOLT_692_Im;0.031989
VOLT_692_Re;1.085838
VOLT_693_Im;0.145524
VOLT_693_Re;1.034268
VOLT_694_Im;0.148887
VOLT_694_Re;1.076680
VOLT_695_Im;0.057061
VOLT_695_Re;1.097157
VOLT_696_Im;0.040183
VOLT_696_Re;1.092668
VOLT_697_Im;0.127851
VOLT_697_Re;1.060873
VOLT_698_Im;0.066262
VOLT_698_Re;1.095568
VOLT_699_Im;0.277992
VOLT_699_Re;1.063314
VOLT_69_Im;0.173124
VOLT_69_Re;1.078804
VOLT_6_Im;0.320428
VOLT_6_Re;1.031260
VOLT_700_Im;-0.003286
VOLT_700_Re;1.094251
VOLT_701_Im;-0.171633
VOLT_701_Re;1.080110
VOLT_702_Im;0.279868
VOLT_702_Re;1.049330
VOLT_703_Im;0.250786
VOLT_703_Re;1.052533
VOLT_704_Im;0.145308
VOLT_704_Re;1.072838
VOLT_705_Im;0.204770
VOLT_705_Re;1.046062
VOLT_706_Im;0.054249
VOLT_706_Re;1.093690
VOLT_707_Im;0.215332
VOLT_707_Re;1.060503
VOLT_708_Im;0.220480
VOLT_708_Re;1.028577
VOLT_709_Im;0.248179
VOLT_709_Re;1.061116
VOLT_70_Im;-0.310637
VOLT_70_Re;1.051780
VOLT_710_Im;0.137332
VOLT_710_Re;1.068912
VOLT_711_Im;0.236649
VOLT_711_Re;1.068322
VOLT_712_Im;0.177020
VOLT_712_Re;1.066880
VOLT_713_Im;0.468598
VOLT_713_Re;0.995196
VOLT_714_Im;0.154161
VOLT_714_Re;1.030438
VOLT_715_Im;0.070074
VOLT_715_Re;1.085266
VOLT_716_Im;0.338009
VOLT_716_Re;1.011130
VOLT_717_Im;0.149410
VOLT_717_Re;1.081776
VOLT_718_Im;0.066311
VOLT_718_Re;1.097036
VOLT_719_Im;0.226642
VOLT_719_Re;1.045017
VOLT_71_Im;0.149625
VOLT_71_Re;1.072855
VOLT_720_Im;0.178564
VOLT_720_Re;1.073101
VOLT_721_Im;0.191209
VOLT_721_Re;1.071335
VOLT_722_Im;0.071082
VOLT_722_Re;1.094311
VOLT_723_Im;0.245205
VOLT_723_Re;1.072322
VOLT_724_Im;0.258825
VOLT_724_Re;1.050865
VOLT_725_Im;-0.194578
VOLT_725_Re;1.082654
VOLT_726_Im;0.178503
VOLT_726_Re;1.083822
VOLT_727_Im;-0.041454
VOLT_727_Re;1.083472
VOLT_728_Im;0.131396
VOLT_728_Re;1.062324
VOLT_729_Im;0.147768
VOLT_729_Re;1.075151
VOLT_72_Im;0.159309
VOLT_72_Re;1.076148
VOLT_730_Im;0.054612
VOLT_730_Re;1.092903
VOLT_731_Im;0.025295
VOLT_731_Re;1.097739
VOLT_732_Im;0.189270
VOLT_732_Re;1.083594
VOLT_733_Im;0.048101
VOLT_733_Re;1.085238
VOLT_734_Im;-0.170015
VOLT_734_Re;1.080420
VOLT_735_Im;0.256315
VOLT_735_Re;1.052491
VOLT_736_Im;0.228077
VOLT_736_Re;1.066559
VOLT_737_Im;-0.215095
VOLT_737_Re;1.039960
VOLT_738_Im;0.302637
VOLT_738_Re;1.008897
VOLT_739_Im;0.140233
VOLT_739_Re;1.081458
VOLT_73_Im;0.178937
VOLT_73_Re;1.043506
VOLT_740_Im;0.172347
VOLT_740_Re;1.066380
VOLT_741_Im;0.143757
VOLT_741_Re;1.057497
VOLT_742_Im;0.182085
VOLT_742_Re;1.083921
VOLT_743_Im;0.254935
VOLT_743_Re;1.063739
VOLT_744_Im;0.134645
VOLT_744_Re;1.084348
VOLT_745_Im;0.152077
VOLT_745_Re;1.059823
VOLT_746_Im;0.292296
VOLT_746_Re;1.029377
VOLT_747_Im;0.239039
VOLT_747_Re;1.073635
VOLT_748_Im;0.059193
VOLT_748_Re;1.071883
VOLT_749_Im;0.151306
VOLT_749_Re;1.075959
VOLT_74_Im;0.129865
VOLT_74_Re;1.084560
VOLT_750_Im;0.216838
VOLT_750_Re;1.009526
VOLT_751_Im;0.014274
VOLT_751_Re;1.074963
VOLT_752_Im;0.131005
VOLT_752_Re;1.070104
VOLT_753_Im;0.114370
VOLT_753_Re;1.043252
VOLT_754_Im;0.335850
VOLT_754_Re;1.047475
VOLT_755_Im;-0.069959
VOLT_755_Re;1.091249
VOLT_756_Im;0.258439
VOLT_756_Re;1.060463
VOLT_757_Im;0.078380
VOLT_757_Re;1.096639
VOLT_758_Im;-0.041214
VOLT_758_Re;1.083856
VOLT_759_Im;0.138004
VOLT_759_Re;1.065846
VOLT_75_Im;0.161169
VOLT_75_Re;1.035249
VOLT_760_Im;0.325615
VOLT_760_Re;1.033816
VOLT_761_Im;-0.079419
VOLT_761_Re;1.044201
VOLT_762_Im;0.060217
VOLT_762_Re;1.097617
VOLT_763_Im;-0.166007
VOLT_763_Re;1.081606
VOLT_764_Im;0.271141
VOLT_764_Re;1.056450
VOLT_765_Im;0.154048
VOLT_765_Re;1.074432
VOLT_766_Im;-0.017932
VOLT_766_Re;1.066385
VOLT_767_Im;0.232814
VOLT_767_Re;1.039438
VOLT_768_Im;0.179260
VOLT_768_Re;1.070174
VOLT_769_Im;0.170317
VOLT_769_Re;1.073612
VOLT_76_Im;-0.119449
VOLT_76_Re;1.088764
VOLT_770_Im;0.276724
VOLT_770_Re;1.030003
VOLT_771_Im;0.081611
VOLT_771_Re;1.044188
VOLT_772_Im;0.295849
VOLT_772_Re;1.056931
VOLT_773_Im;0.055681
VOLT_773_Re;1.093795
VOLT_774_Im;0.005615
VOLT_774_Re;1.090387
VOLT_775_Im;0.050818
VOLT_775_Re;1.086745
VOLT_776_Im;0.163676
VOLT_776_Re;1.038654
VOLT_777_Im;0.004111
VOLT_777_Re;1.089838
VOLT_778_Im;0.152579
VOLT_778_Re;1.072769
VOLT_779_Im;0.107980
VOLT_779_Re;1.022936
VOLT_77_Im;0.145481
VOLT_77_Re;1.060943
VOLT_780_Im;-0.311665
VOLT_780_Re;1.008380
VOLT_781_Im;0.129017
VOLT_781_Re;1.066096
VOLT_782_Im;0.171351
VOLT_782_Re;1.078582
VOLT_783_Im;0.038229
VOLT_783_Re;1.064858
VOLT_784_Im;-0.059135
VOLT_784_Re;1.021126
VOLT_785_Im;0.209057
VOLT_785_Re;1.077349
VOLT_786_Im;0.271457
VOLT_786_Re;1.059621
VOLT_787_Im;0.023157
VOLT_787_Re;1.093404
VOLT_788_Im;0.272482
VOLT_788_Re;1.065633
VOLT_789_Im;0.384986
VOLT_789_Re;1.044912
VOLT_78_Im;0.286195
VOLT_78_Re;1.060348
VOLT_790_Im;0.019912
VOLT_790_Re;1.098894
VOLT_791_Im;0.116295
VOLT_791_Re;1.045562
VOLT_792_Im;0.134251
VOLT_792_Re;1.084169
VOLT_793_Im;0.030944
VOLT_793_Re;1.092610
VOLT_794_Im;0.207262
VOLT_794_Re;1.063252
VOLT_795_Im;0.078597
VOLT_795_Re;1.092297
VOLT_796_Im;0.135856
VOLT_796_Re;1.073041
VOLT_797_Im;0.260646
VOLT_797_Re;1.063402
VOLT_798_Im;0.054606
VOLT_798_Re;1.092939
VOLT_799_Im;0.138939
VOLT_799_Re;1.057822
VOLT_79_Im;0.150340
VOLT_79_Re;1.088940
VOLT_7_Im;0.209434
VOLT_7_Re;1.030903
VOLT_800_Im;0.060971
VOLT_800_Re;1.061097
VOLT_801_Im;0.163677
VOLT_801_Re;1.038652
VOLT_802_Im;0.270072
VOLT_802_Re;1.054134
VOLT_803_Im;0.271141
VOLT_803_Re;1.056450
VOLT_804_Im;0.050335
VOLT_804_Re;1.092374
VOLT_805_Im;0.044639
VOLT_805_Re;1.031086
VOLT_806_Im;0.158426
VOLT_806_Re;1.066472
VOLT_807_Im;-0.179675
VOLT_807_Re;1.078887
VOLT_808_Im;-0.038102
VOLT_808_Re;1.084716
VOLT_809_Im;0.356811
VOLT_809_Re;1.034164
VOLT_80_Im;0.006121
VOLT_80_Re;1.097197
VOLT_810_Im;0.292123
VOLT_810_Re;1.060502
VOLT_811_Im;0.395764
VOLT_811_Re;1.012644
VOLT_812_Im;0.001948
VOLT_812_Re;1.079504
VOLT_813_Im;0.216202
VOLT_813_Re;1.058503
VOLT_814_Im;0.067781
VOLT_814_Re;1.092447
VOLT_815_Im;0.018887
VOLT_815_Re;1.098956
VOLT_816_Im;0.342963
VOLT_816_Re;1.044449
VOLT_817_Im;0.167550
VOLT_817_Re;1.078274
VOLT_818_Im;0.270074
VOLT_818_Re;1.054155
VOLT_819_Im;0.218581
VOLT_819_Re;1.078064
VOLT_81_Im;-0.154885
VOLT_81_Re;1.083201
VOLT_820_Im;0.081571
VOLT_820_Re;1.096968
VOLT_821_Im;-0.002909
VOLT_821_Re;1.094580
VOLT_822_Im;0.185710
VOLT_822_Re;1.082627
VOLT_823_Im;0.077615
VOLT_823_Re;1.069271
VOLT_824_Im;0.048100
VOLT_824_Re;1.085229
VOLT_825_Im;0.090340
VOLT_825_Re;1.096280
VOLT_826_Im;0.138343
VOLT_826_Re;1.065052
VOLT_827_Im;0.360543
VOLT_827_Re;1.028112
VOLT_828_Im;-0.052934
VOLT_828_Re;1.056748
VOLT_829_Im;0.026566
VOLT_829_Re;1.095401
VOLT_82_Im;0.212883
VOLT_82_Re;1.076509
VOLT_830_Im;-0.116193
VOLT_830_Re;1.090148
VOLT_831_Im;-0.068786
VOLT_831_Re;1.053738
VOLT_832_Im;0.265168
VOLT_832_Re;1.041322
VOLT_833_Im;0.000494
VOLT_833_Re;1.096870
VOLT_834_Im;0.170369
VOLT_834_Re;1.027485
VOLT_835_Im;0.185071
VOLT_835_Re;1.047094
VOLT_836_Im;0.030767
VOLT_836_Re;1.057216
VOLT_837_Im;0.347015
VOLT_837_Re;1.043828
VOLT_838_Im;0.157395
VOLT_838_Re;1.066420
VOLT_839_Im;0.258181
VOLT_839_Re;1.059906
VOLT_83_Im;0.192902
VOLT_83_Re;1.047415
VOLT_840_Im;0.254080
VOLT_840_Re;1.053646
VOLT_841_Im;-0.304630
VOLT_841_Re;1.045167
VOLT_842_Im;0.004034
VOLT_842_Re;1.079148
VOLT_843_Im;0.229544
VOLT_843_Re;1.069770
VOLT_844_Im;0.285379
VOLT_844_Re;1.043267
VOLT_845_Im;0.256074
VOLT_845_Re;1.052887
VOLT_846_Im;-0.075263
VOLT_846_Re;1.086364
VOLT_847_Im;0.210058
VOLT_847_Re;1.067053
VOLT_848_Im;0.005808
VOLT_848_Re;1.080025
VOLT_849_Im;0.205642
VOLT_849_Re;1.045410
VOLT_84_Im;0.367176
VOLT_84_Re;0.968506
VOLT_850_Im;0.026474
VOLT_850_Re;1.099299
VOLT_851_Im;0.262616
VOLT_851_Re;1.052325
VOLT_852_Im;-0.009036
VOLT_852_Re;1.081299
VOLT_853_Im;0.219622
VOLT_853_Re;1.051650
VOLT_854_Im;0.093773
VOLT_854_Re;1.041667
VOLT_855_Im;-0.066268
VOLT_855_Re;1.066936
VOLT_856_Im;0.132966
VOLT_856_Re;1.087764
VOLT_857_Im;0.146921
VOLT_857_Re;1.080186
VOLT_858_Im;0.133985
VOLT_858_Re;1.070659
VOLT_859_Im;0.221203
VOLT_859_Re;1.023178
VOLT_85_Im;0.282346
VOLT_85_Re;1.033430
VOLT_860_Im;0.289243
VOLT_860_Re;1.059600
VOLT_861_Im;0.251440
VOLT_861_Re;1.070877
VOLT_862_Im;0.062520
VOLT_862_Re;1.073235
VOLT_863_Im;0.210878
VOLT_863_Re;1.070303
VOLT_864_Im;0.134674
VOLT_864_Re;1.065092
VOLT_865_Im;0.274613
VOLT_865_Re;1.060192
VOLT_866_Im;0.044744
VOLT_866_Re;1.095996
VOLT_867_Im;-0.341083
VOLT_867_Re;1.045576
VOLT_868_Im;0.099104
VOLT_868_Re;1.095526
VOLT_869_Im;0.162893
VOLT_869_Re;1.080395
VOLT_86_Im;0.344319
VOLT_86_Re;1.029090
VOLT_870_Im;0.029781
VOLT_870_Re;1.079437
VOLT_871_Im;0.096067
VOLT_871_Re;1.065673
VOLT_872_Im;0.399707
VOLT_872_Re;1.006822
VOLT_873_Im;0.224228
VOLT_873_Re;1.065639
VOLT_874_Im;0.214545
VOLT_874_Re;1.071187
VOLT_875_Im;0.210980
VOLT_875_Re;1.054075
VOLT_876_Im;0.154049
VOLT_876_Re;1.074427
VOLT_877_Im;0.200489
VOLT_877_Re;1.079990
VOLT_878_Im;0.080552
VOLT_878_Re;1.097047
VOLT_879_Im;0.148195
VOLT_879_Re;1.076024
VOLT_87_Im;0.271998
VOLT_87_Re;1.055460
VOLT_880_Im;0.314124
VOLT_880_Re;1.032134
VOLT_881_Im;-0.341083
VOLT_881_Re;1.045576
VOLT_882_Im;0.012892
VOLT_882_Re;1.077901
VOLT_883_Im;0.133297
VOLT_883_Re;1.072428
VOLT_884_Im;0.219000
VOLT_884_Re;1.049381
VOLT_885_Im;0.174817
VOLT_885_Re;1.074961
VOLT_886_Im;-0.145460
VOLT_886_Re;1.071479
VOLT_887_Im;0.228679
VOLT_887_Re;1.050299
VOLT_888_Im;0.164430
VOLT_888_Re;1.072288
VOLT_889_Im;0.188662
VOLT_889_Re;1.062470
VOLT_88_Im;0.269401
VOLT_88_Re;1.066500
VOLT_890_Im;0.116169
VOLT_890_Re;1.086108
VOLT_891_Im;0.234186
VOLT_891_Re;1.059478
VOLT_892_Im;0.010681
VOLT_892_Re;1.080285
VOLT_893_Im;0.293068
VOLT_893_Re;1.011530
VOLT_894_Im;0.041021
VOLT_894_Re;1.090367
VOLT_895_Im;0.230810
VOLT_895_Re;1.075512
VOLT_896_Im;-0.000125
VOLT_896_Re;1.088373
VOLT_897_Im;0.138828
VOLT_897_Re;1.066985
VOLT_898_Im;0.248235
VOLT_898_Re;1.049907
VOLT_899_Im;0.021724
VOLT_899_Re;1.094216
VOLT_89_Im;0.034768
VOLT_89_Re;1.079743
VOLT_8_Im;0.042790
VOLT_8_Re;1.092015
VOLT_900_Im;0.344199
VOLT_900_Re;1.023275
VOLT_901_Im;0.129017
VOLT_901_Re;1.066104
VOLT_902_Im;0.084857
VOLT_902_Re;1.071110
VOLT_903_Im;0.196257
VOLT_903_Re;1.036109
VOLT_904_Im;0.254956
VOLT_904_Re;1.053804
VOLT_905_Im;-0.003347
VOLT_905_Re;1.094192
VOLT_906_Im;-0.117348
VOLT_906_Re;1.093484
VOLT_907_Im;-0.166540
VOLT_907_Re;1.073766
VOLT_908_Im;-0.066160
VOLT_908_Re;1.068820
VOLT_909_Im;-0.002634
VOLT_909_Re;1.094410
VOLT_90_Im;0.066234
VOLT_90_Re;1.080354
VOLT_910_Im;0.003558
VOLT_910_Re;1.089641
VOLT_911_Im;0.075060
VOLT_911_Re;1.079556
VOLT_912_Im;0.173896
VOLT_912_Re;1.074011
VOLT_913_Im;0.057361
VOLT_913_Re;1.084746
VOLT_914_Im;0.067409
VOLT_914_Re;1.097191
VOLT_915_Im;0.000992
VOLT_915_Re;1.095776
VOLT_916_Im;0.012380
VOLT_916_Re;1.081580
VOLT_917_Im;0.332225
VOLT_917_Re;1.046675
VOLT_918_Im;0.276126
VOLT_918_Re;1.064750
VOLT_919_Im;0.305678
VOLT_919_Re;1.051987
VOLT_91_Im;-0.095693
VOLT_91_Re;1.018677
VOLT_920_Im;0.120239
VOLT_920_Re;1.086051
VOLT_921_Im;0.006690
VOLT_921_Re;1.041099
VOLT_922_Im;0.188853
VOLT_922_Re;1.047339
VOLT_923_Im;0.323414
VOLT_923_Re;1.048435
VOLT_924_Im;0.323827
VOLT_924_Re;1.049053
VOLT_925_Im;0.255297
VOLT_925_Re;1.063527
VOLT_926_Im;0.317064
VOLT_926_Re;1.044820
VOLT_927_Im;0.185664
VOLT_927_Re;1.057604
VOLT_928_Im;0.175861
VOLT_928_Re;1.074482
VOLT_929_Im;0.321133
VOLT_929_Re;1.049280
VOLT_92_Im;0.252430
VOLT_92_Re;1.061398
VOLT_930_Im;0.177549
VOLT_930_Re;1.023472
VOLT_931_Im;0.084106
VOLT_931_Re;1.096780
VOLT_932_Im;-0.023389
VOLT_932_Re;1.072414
VOLT_933_Im;0.197355
VOLT_933_Re;1.043855
VOLT_934_Im;0.040139
VOLT_934_Re;1.097858
VOLT_935_Im;0.026439
VOLT_935_Re;1.092425
VOLT_936_Im;0.247320
VOLT_936_Re;1.071836
VOLT_937_Im;0.283091
VOLT_937_Re;1.043117
VOLT_938_Im;0.192982
VOLT_938_Re;1.052296
VOLT_939_Im;0.266507
VOLT_939_Re;1.055061
VOLT_93_Im;0.269401
VOLT_93_Re;1.066500
VOLT_940_Im;0.071688
VOLT_940_Re;1.089206
VOLT_941_Im;0.034915
VOLT_941_Re;1.093327
VOLT_942_Im;0.278788
VOLT_942_Re;1.064079
VOLT_943_Im;0.261092
VOLT_943_Re;1.060648
VOLT_944_Im;-0.097529
VOLT_944_Re;1.095668
VOLT_945_Im;0.084268
VOLT_945_Re;1.094930
VOLT_946_Im;-0.256842
VOLT_946_Re;1.003813
VOLT_947_Im;0.155837
VOLT_947_Re;1.072055
VOLT_948_Im;-0.001074
VOLT_948_Re;1.089176
VOLT_949_Im;0.218777
VOLT_949_Re;1.057482
VOLT_94_Im;-0.041954
VOLT_94_Re;1.082978
VOLT_950_Im;0.064781
VOLT_950_Re;1.097971
VOLT_951_Im;0.356201
VOLT_951_Re;1.027693
VOLT_952_Im;-0.184736
VOLT_952_Re;1.075738
VOLT_953_Im;0.153011
VOLT_953_Re;1.074188
VOLT_954_Im;0.119992
VOLT_954_Re;1.071489
VOLT_955_Im;0.392646
VOLT_955_Re;1.013447
VOLT_956_Im;0.181953
VOLT_956_Re;1.081967
VOLT_957_Im;0.008361
VOLT_957_Re;1.087176
VOLT_958_Im;0.296396
VOLT_958_Re;0.995555
VOLT_959_Im;0.200438
VOLT_959_Re;1.057974
VOLT_95_Im;-0.059710
VOLT_95_Re;1.091159
VOLT_960_Im;0.295392
VOLT_960_Re;1.032691
VOLT_961_Im;0.272729
VOLT_961_Re;1.065644
VOLT_962_Im;-0.320769
VOLT_962_Re;1.048992
VOLT_963_Im;0.019458
VOLT_963_Re;1.096521
VOLT_964_Im;0.000992
VOLT_964_Re;1.095776
VOLT_965_Im;-0.077347
VOLT_965_Re;1.096491
VOLT_966_Im;0.165241
VOLT_966_Re;1.063531
VOLT_967_Im;-0.164540
VOLT_967_Re;1.058263
VOLT_968_Im;0.323414
VOLT_968_Re;1.048435
VOLT_969_Im;0.267351
VOLT_969_Re;1.060197
VOLT_96_Im;0.002491
VOLT_96_Re;1.089625
VOLT_970_Im;0.057995
VOLT_970_Re;1.093158
VOLT_971_Im;0.288464
VOLT_971_Re;1.061503
VOLT_972_Im;0.332576
VOLT_972_Re;1.024027
VOLT_973_Im;0.206478
VOLT_973_Re;1.052726
VOLT_974_Im;0.046936
VOLT_974_Re;1.046224
VOLT_975_Im;0.048948
VOLT_975_Re;1.091484
VOLT_976_Im;0.231085
VOLT_976_Re;1.053513
VOLT_977_Im;0.309595
VOLT_977_Re;1.030320
VOLT_978_Im;0.023143
VOLT_978_Re;1.093469
VOLT_979_Im;0.029149
VOLT_979_Re;1.094756
VOLT_97_Im;0.201399
VOLT_97_Re;1.045149
VOLT_980_Im;0.005478
VOLT_980_Re;1.090364
VOLT_981_Im;0.318247
VOLT_981_Re;1.004661
VOLT_982_Im;0.006559
VOLT_982_Re;1.097362
VOLT_983_Im;0.244819
VOLT_983_Re;1.051734
VOLT_984_Im;0.080563
VOLT_984_Re;1.093191
VOLT_985_Im;0.371308
VOLT_985_Re;1.033563
VOLT_986_Im;0.075009
VOLT_986_Re;1.096106
VOLT_987_Im;0.302259
VOLT_987_Re;1.057657
VOLT_988_Im;0.124157
VOLT_988_Re;1.077241
VOLT_989_Im;0.264151
VOLT_989_Re;1.060523
VOLT_98_Im;0.011623
VOLT_98_Re;1.086828
VOLT_990_Im;0.268072
VOLT_990_Re;1.061865
VOLT_991_Im;0.254734
VOLT_991_Re;1.054933
VOLT_992_Im;-0.053233
VOLT_992_Re;1.067232
VOLT_993_Im;0.171526
VOLT_993_Re;1.078875
VOLT_994_Im;0.269682
VOLT_994_Re;1.058867
VOLT_995_Im;0.090551
VOLT_995_Re;1.070710
VOLT_996_Im;0.182438
VOLT_996_Re;1.082256
VOLT_997_Im;0.287147
VOLT_997_Re;1.044173
VOLT_998_Im;0.258119
VOLT_998_Re;1.053315
VOLT_999_Im;0.317793
VOLT_999_Re;1.048641
VOLT_99_Im;0.171912
VOLT_99_Re;1.056066
VOLT_9_Im;0.228434
VOLT_9_Re;1.071073
